2025-12-03T00:19:38.321+05:30  INFO 7004 --- [The-Home-Bakery] [restartedMain] c.thb.bakery.TheHomeBakeryApplication    : Starting TheHomeBakeryApplication using Java 24.0.2 with PID 7004 (C:\THB-Bakery\THB-Backend-V1.1\The-Home-Bakery\target\classes started by admim in C:\THB-Bakery\THB-Backend-V1.1)
2025-12-03T00:19:38.334+05:30  INFO 7004 --- [The-Home-Bakery] [restartedMain] c.thb.bakery.TheHomeBakeryApplication    : No active profile set, falling back to 1 default profile: "default"
2025-12-03T00:19:38.456+05:30  INFO 7004 --- [The-Home-Bakery] [restartedMain] o.s.b.devtools.restart.ChangeableUrls    : The Class-Path manifest attribute in C:\Users\admim\.m2\repository\io\github\cdimascio\java-dotenv\5.2.2\java-dotenv-5.2.2.jar referenced one or more files that do not exist: file:/C:/Users/admim/.m2/repository/io/github/cdimascio/java-dotenv/5.2.2/kotlin-stdlib-1.4.0.jar,file:/C:/Users/admim/.m2/repository/io/github/cdimascio/java-dotenv/5.2.2/kotlin-stdlib-common-1.4.0.jar,file:/C:/Users/admim/.m2/repository/io/github/cdimascio/java-dotenv/5.2.2/annotations-13.0.jar
2025-12-03T00:19:38.457+05:30  INFO 7004 --- [The-Home-Bakery] [restartedMain] .e.DevToolsPropertyDefaultsPostProcessor : Devtools property defaults active! Set 'spring.devtools.add-properties' to 'false' to disable
2025-12-03T00:19:38.457+05:30  INFO 7004 --- [The-Home-Bakery] [restartedMain] .e.DevToolsPropertyDefaultsPostProcessor : For additional web related logging consider setting the 'logging.level.web' property to 'DEBUG'
2025-12-03T00:19:40.457+05:30  INFO 7004 --- [The-Home-Bakery] [restartedMain] .s.d.r.c.RepositoryConfigurationDelegate : Bootstrapping Spring Data JPA repositories in DEFAULT mode.
2025-12-03T00:19:40.818+05:30  INFO 7004 --- [The-Home-Bakery] [restartedMain] .s.d.r.c.RepositoryConfigurationDelegate : Finished Spring Data repository scanning in 338 ms. Found 29 JPA repository interfaces.
2025-12-03T00:19:42.255+05:30  INFO 7004 --- [The-Home-Bakery] [restartedMain] o.s.b.w.embedded.tomcat.TomcatWebServer  : Tomcat initialized with port 8082 (http)
2025-12-03T00:19:42.289+05:30  INFO 7004 --- [The-Home-Bakery] [restartedMain] o.apache.catalina.core.StandardService   : Starting service [Tomcat]
2025-12-03T00:19:42.289+05:30  INFO 7004 --- [The-Home-Bakery] [restartedMain] o.apache.catalina.core.StandardEngine    : Starting Servlet engine: [Apache Tomcat/10.1.44]
2025-12-03T00:19:42.379+05:30  INFO 7004 --- [The-Home-Bakery] [restartedMain] o.a.c.c.C.[Tomcat].[localhost].[/]       : Initializing Spring embedded WebApplicationContext
2025-12-03T00:19:42.380+05:30  INFO 7004 --- [The-Home-Bakery] [restartedMain] w.s.c.ServletWebServerApplicationContext : Root WebApplicationContext: initialization completed in 3922 ms
2025-12-03T00:19:42.782+05:30  INFO 7004 --- [The-Home-Bakery] [restartedMain] o.hibernate.jpa.internal.util.LogHelper  : HHH000204: Processing PersistenceUnitInfo [name: default]
2025-12-03T00:19:42.906+05:30  INFO 7004 --- [The-Home-Bakery] [restartedMain] org.hibernate.Version                    : HHH000412: Hibernate ORM core version 6.6.26.Final
2025-12-03T00:19:43.001+05:30  INFO 7004 --- [The-Home-Bakery] [restartedMain] o.h.c.internal.RegionFactoryInitiator    : HHH000026: Second-level cache disabled
2025-12-03T00:19:43.662+05:30  INFO 7004 --- [The-Home-Bakery] [restartedMain] o.s.o.j.p.SpringPersistenceUnitInfo      : No LoadTimeWeaver setup: ignoring JPA class transformer
2025-12-03T00:19:43.725+05:30  INFO 7004 --- [The-Home-Bakery] [restartedMain] com.zaxxer.hikari.HikariDataSource       : HikariPool-1 - Starting...
2025-12-03T00:19:44.068+05:30  INFO 7004 --- [The-Home-Bakery] [restartedMain] com.zaxxer.hikari.pool.HikariPool        : HikariPool-1 - Added connection com.mysql.cj.jdbc.ConnectionImpl@a83afbc
2025-12-03T00:19:44.070+05:30  INFO 7004 --- [The-Home-Bakery] [restartedMain] com.zaxxer.hikari.HikariDataSource       : HikariPool-1 - Start completed.
2025-12-03T00:19:44.288+05:30  INFO 7004 --- [The-Home-Bakery] [restartedMain] org.hibernate.orm.connections.pooling    : HHH10001005: Database info:
	Database JDBC URL [Connecting through datasource 'HikariDataSource (HikariPool-1)']
	Database driver: undefined/unknown
	Database version: 8.0.41
	Autocommit mode: undefined/unknown
	Isolation level: undefined/unknown
	Minimum pool size: undefined/unknown
	Maximum pool size: undefined/unknown
2025-12-03T00:19:49.132+05:30  INFO 7004 --- [The-Home-Bakery] [restartedMain] o.h.e.t.j.p.i.JtaPlatformInitiator       : HHH000489: No JTA platform available (set 'hibernate.transaction.jta.platform' to enable JTA platform integration)
2025-12-03T00:19:49.648+05:30  INFO 7004 --- [The-Home-Bakery] [restartedMain] j.LocalContainerEntityManagerFactoryBean : Initialized JPA EntityManagerFactory for persistence unit 'default'
2025-12-03T00:19:51.236+05:30  INFO 7004 --- [The-Home-Bakery] [restartedMain] o.s.d.j.r.query.QueryEnhancerFactory     : Hibernate is in classpath; If applicable, HQL parser will be used.
2025-12-03T00:19:55.905+05:30  WARN 7004 --- [The-Home-Bakery] [restartedMain] JpaBaseConfiguration$JpaWebConfiguration : spring.jpa.open-in-view is enabled by default. Therefore, database queries may be performed during view rendering. Explicitly configure spring.jpa.open-in-view to disable this warning
2025-12-03T00:19:56.535+05:30  INFO 7004 --- [The-Home-Bakery] [restartedMain] o.s.b.a.h2.H2ConsoleAutoConfiguration    : H2 console available at '/h2-console'. Database available at 'jdbc:mysql://localhost:3306/homebakery_db?useSSL=false&serverTimezone=UTC&allowPublicKeyRetrieval=true'
2025-12-03T00:19:56.726+05:30  INFO 7004 --- [The-Home-Bakery] [restartedMain] o.s.b.d.a.OptionalLiveReloadServer       : LiveReload server is running on port 35729
2025-12-03T00:19:56.780+05:30  INFO 7004 --- [The-Home-Bakery] [restartedMain] o.s.b.w.embedded.tomcat.TomcatWebServer  : Tomcat started on port 8082 (http) with context path '/'
2025-12-03T00:19:56.799+05:30  INFO 7004 --- [The-Home-Bakery] [restartedMain] c.thb.bakery.TheHomeBakeryApplication    : Started TheHomeBakeryApplication in 19.693 seconds (process running for 20.996)
2025-12-03T00:20:03.667+05:30  INFO 7004 --- [The-Home-Bakery] [http-nio-8082-exec-1] o.a.c.c.C.[Tomcat].[localhost].[/]       : Initializing Spring DispatcherServlet 'dispatcherServlet'
2025-12-03T00:20:03.667+05:30  INFO 7004 --- [The-Home-Bakery] [http-nio-8082-exec-1] o.s.web.servlet.DispatcherServlet        : Initializing Servlet 'dispatcherServlet'
2025-12-03T00:20:03.669+05:30  INFO 7004 --- [The-Home-Bakery] [http-nio-8082-exec-1] o.s.web.servlet.DispatcherServlet        : Completed initialization in 2 ms
2025-12-03T00:20:03.794+05:30  INFO 7004 --- [The-Home-Bakery] [http-nio-8082-exec-4] c.t.bakery.controller.SnacksController   : Fetching all snacks - page: 0, size: 10
2025-12-03T00:20:03.794+05:30  INFO 7004 --- [The-Home-Bakery] [http-nio-8082-exec-1] c.t.bakery.controller.ProductController  : Fetching all products - page: 0, size: 1000
2025-12-03T00:20:03.814+05:30  INFO 7004 --- [The-Home-Bakery] [http-nio-8082-exec-1] c.t.b.s.serviceImpl.ProductServiceImpl   : Fetching products with pagination - page: 0, size: 1000
2025-12-03T00:20:04.040+05:30  INFO 7004 --- [The-Home-Bakery] [http-nio-8082-exec-1] c.t.b.s.serviceImpl.ProductServiceImpl   : Retrieved page 1 of 1 with 4 products out of 4 total
2025-12-03T00:20:04.090+05:30  INFO 7004 --- [The-Home-Bakery] [http-nio-8082-exec-1] c.t.bakery.controller.ProductController  : Retrieved 4 products out of 4 total
2025-12-03T00:20:04.264+05:30  INFO 7004 --- [The-Home-Bakery] [http-nio-8082-exec-3] c.t.bakery.controller.ProductController  : Fetching image for product ID: 1
2025-12-03T00:20:04.264+05:30  INFO 7004 --- [The-Home-Bakery] [http-nio-8082-exec-2] c.t.bakery.controller.ProductController  : Fetching image for product ID: 2
2025-12-03T00:20:04.268+05:30  INFO 7004 --- [The-Home-Bakery] [http-nio-8082-exec-6] c.t.bakery.controller.ProductController  : Fetching image for product ID: 6
2025-12-03T00:20:04.271+05:30  INFO 7004 --- [The-Home-Bakery] [http-nio-8082-exec-5] c.t.bakery.controller.ProductController  : Fetching image for product ID: 3
2025-12-03T00:20:09.454+05:30  INFO 7004 --- [The-Home-Bakery] [http-nio-8082-exec-7] c.t.bakery.controller.ProductController  : Fetching product with ID: 6
2025-12-03T00:20:09.459+05:30  INFO 7004 --- [The-Home-Bakery] [http-nio-8082-exec-7] c.t.b.s.serviceImpl.ProductServiceImpl   : Fetching product by ID: 6
2025-12-03T00:20:09.474+05:30  INFO 7004 --- [The-Home-Bakery] [http-nio-8082-exec-7] c.t.b.s.serviceImpl.ProductServiceImpl   : Product found: Tiramisu Cake (ID: 6)
2025-12-03T00:20:09.502+05:30  INFO 7004 --- [The-Home-Bakery] [http-nio-8082-exec-7] c.t.bakery.controller.ProductController  : Product retrieved successfully: Tiramisu Cake
2025-12-03T00:20:09.547+05:30  INFO 7004 --- [The-Home-Bakery] [http-nio-8082-exec-8] c.t.bakery.controller.ProductController  : Fetching sub-image 0 for product ID: 6
2025-12-03T00:23:07.907+05:30  INFO 7004 --- [The-Home-Bakery] [http-nio-8082-exec-2] c.t.bakery.controller.SnacksController   : Fetching all snacks - page: 0, size: 10
2025-12-03T00:23:07.907+05:30  INFO 7004 --- [The-Home-Bakery] [http-nio-8082-exec-3] c.t.bakery.controller.ProductController  : Fetching all products - page: 0, size: 1000
2025-12-03T00:23:07.909+05:30  INFO 7004 --- [The-Home-Bakery] [http-nio-8082-exec-3] c.t.b.s.serviceImpl.ProductServiceImpl   : Fetching products with pagination - page: 0, size: 1000
2025-12-03T00:23:07.918+05:30  INFO 7004 --- [The-Home-Bakery] [http-nio-8082-exec-3] c.t.b.s.serviceImpl.ProductServiceImpl   : Retrieved page 1 of 1 with 4 products out of 4 total
2025-12-03T00:23:07.959+05:30  INFO 7004 --- [The-Home-Bakery] [http-nio-8082-exec-3] c.t.bakery.controller.ProductController  : Retrieved 4 products out of 4 total
2025-12-03T00:23:08.042+05:30  INFO 7004 --- [The-Home-Bakery] [http-nio-8082-exec-7] c.t.bakery.controller.ProductController  : Fetching image for product ID: 1
2025-12-03T00:23:08.044+05:30  INFO 7004 --- [The-Home-Bakery] [http-nio-8082-exec-8] c.t.bakery.controller.ProductController  : Fetching image for product ID: 2
2025-12-03T00:23:08.046+05:30  INFO 7004 --- [The-Home-Bakery] [http-nio-8082-exec-10] c.t.bakery.controller.ProductController  : Fetching image for product ID: 3
2025-12-03T00:23:08.045+05:30  INFO 7004 --- [The-Home-Bakery] [http-nio-8082-exec-4] c.t.bakery.controller.ProductController  : Fetching image for product ID: 6
2025-12-03T00:24:09.992+05:30  INFO 7004 --- [The-Home-Bakery] [http-nio-8082-exec-7] c.t.bakery.controller.ProductController  : Fetching all products - page: 0, size: 1000
2025-12-03T00:24:09.994+05:30  INFO 7004 --- [The-Home-Bakery] [http-nio-8082-exec-7] c.t.b.s.serviceImpl.ProductServiceImpl   : Fetching products with pagination - page: 0, size: 1000
2025-12-03T00:24:09.994+05:30  INFO 7004 --- [The-Home-Bakery] [http-nio-8082-exec-8] c.t.bakery.controller.SnacksController   : Fetching all snacks - page: 0, size: 10
2025-12-03T00:24:10.004+05:30  INFO 7004 --- [The-Home-Bakery] [http-nio-8082-exec-7] c.t.b.s.serviceImpl.ProductServiceImpl   : Retrieved page 1 of 1 with 4 products out of 4 total
2025-12-03T00:24:10.048+05:30  INFO 7004 --- [The-Home-Bakery] [http-nio-8082-exec-7] c.t.bakery.controller.ProductController  : Retrieved 4 products out of 4 total
2025-12-03T00:24:10.052+05:30  INFO 7004 --- [The-Home-Bakery] [http-nio-8082-exec-4] c.t.bakery.controller.SnacksController   : Fetching all snacks - page: 0, size: 10
2025-12-03T00:24:10.119+05:30  INFO 7004 --- [The-Home-Bakery] [http-nio-8082-exec-10] c.thb.bakery.controller.CartController   : Get cart request received for userId: 2
2025-12-03T00:24:10.123+05:30  INFO 7004 --- [The-Home-Bakery] [http-nio-8082-exec-1] c.t.bakery.controller.ProductController  : Fetching image for product ID: 1
2025-12-03T00:24:10.127+05:30  INFO 7004 --- [The-Home-Bakery] [http-nio-8082-exec-3] c.t.bakery.controller.ProductController  : Fetching image for product ID: 2
2025-12-03T00:24:10.136+05:30  INFO 7004 --- [The-Home-Bakery] [http-nio-8082-exec-1] c.t.bakery.controller.ProductController  : Fetching image for product ID: 6
2025-12-03T00:24:10.136+05:30  INFO 7004 --- [The-Home-Bakery] [http-nio-8082-exec-6] c.t.bakery.controller.ProductController  : Fetching image for product ID: 3
2025-12-03T00:24:10.194+05:30  INFO 7004 --- [The-Home-Bakery] [http-nio-8082-exec-2] c.t.bakery.controller.SnacksController   : Fetching image for ID: 5
2025-12-03T00:24:10.194+05:30  INFO 7004 --- [The-Home-Bakery] [http-nio-8082-exec-5] c.t.bakery.controller.SnacksController   : Fetching image for ID: 1
2025-12-03T00:24:10.213+05:30  INFO 7004 --- [The-Home-Bakery] [http-nio-8082-exec-10] c.thb.bakery.controller.CartController   : Successfully retrieved 0 cart items for userId: 2
2025-12-03T00:24:10.225+05:30  INFO 7004 --- [The-Home-Bakery] [http-nio-8082-exec-8] c.t.bakery.controller.SnacksController   : Fetching image for ID: 2
2025-12-03T00:24:18.033+05:30  INFO 7004 --- [The-Home-Bakery] [http-nio-8082-exec-4] c.t.bakery.controller.SnacksController   : Fetching all snacks - page: 0, size: 10
2025-12-03T00:24:18.064+05:30  INFO 7004 --- [The-Home-Bakery] [http-nio-8082-exec-9] c.t.bakery.controller.ProductController  : Fetching all products - page: 0, size: 1000
2025-12-03T00:24:18.066+05:30  INFO 7004 --- [The-Home-Bakery] [http-nio-8082-exec-9] c.t.b.s.serviceImpl.ProductServiceImpl   : Fetching products with pagination - page: 0, size: 1000
2025-12-03T00:24:18.075+05:30  INFO 7004 --- [The-Home-Bakery] [http-nio-8082-exec-9] c.t.b.s.serviceImpl.ProductServiceImpl   : Retrieved page 1 of 1 with 4 products out of 4 total
2025-12-03T00:24:18.113+05:30  INFO 7004 --- [The-Home-Bakery] [http-nio-8082-exec-9] c.t.bakery.controller.ProductController  : Retrieved 4 products out of 4 total
2025-12-03T00:24:18.130+05:30  INFO 7004 --- [The-Home-Bakery] [http-nio-8082-exec-3] c.thb.bakery.controller.CartController   : Get cart request received for userId: 2
2025-12-03T00:24:18.135+05:30  INFO 7004 --- [The-Home-Bakery] [http-nio-8082-exec-3] c.thb.bakery.controller.CartController   : Successfully retrieved 0 cart items for userId: 2
2025-12-03T00:24:18.137+05:30  INFO 7004 --- [The-Home-Bakery] [http-nio-8082-exec-6] c.t.bakery.controller.SnacksController   : Fetching all snacks - page: 0, size: 10
2025-12-03T00:24:18.186+05:30  INFO 7004 --- [The-Home-Bakery] [http-nio-8082-exec-1] c.t.bakery.controller.SnacksController   : Fetching image for ID: 1
2025-12-03T00:24:18.194+05:30  INFO 7004 --- [The-Home-Bakery] [http-nio-8082-exec-2] c.t.bakery.controller.SnacksController   : Fetching image for ID: 2
2025-12-03T00:24:18.198+05:30  INFO 7004 --- [The-Home-Bakery] [http-nio-8082-exec-1] c.t.bakery.controller.SnacksController   : Fetching image for ID: 5
2025-12-03T00:24:18.264+05:30  INFO 7004 --- [The-Home-Bakery] [http-nio-8082-exec-8] c.t.bakery.controller.ProductController  : Fetching image for product ID: 1
2025-12-03T00:24:18.265+05:30  INFO 7004 --- [The-Home-Bakery] [http-nio-8082-exec-7] c.t.bakery.controller.ProductController  : Fetching image for product ID: 2
2025-12-03T00:24:18.270+05:30  INFO 7004 --- [The-Home-Bakery] [http-nio-8082-exec-4] c.t.bakery.controller.ProductController  : Fetching image for product ID: 3
2025-12-03T00:24:18.286+05:30  INFO 7004 --- [The-Home-Bakery] [http-nio-8082-exec-9] c.t.bakery.controller.ProductController  : Fetching image for product ID: 6
2025-12-03T00:24:22.015+05:30  INFO 7004 --- [The-Home-Bakery] [http-nio-8082-exec-3] c.t.bakery.controller.SnacksController   : Fetching all snacks - page: 0, size: 10
2025-12-03T00:24:22.058+05:30  INFO 7004 --- [The-Home-Bakery] [http-nio-8082-exec-6] c.thb.bakery.controller.CartController   : Get cart request received for userId: 2
2025-12-03T00:24:22.061+05:30  INFO 7004 --- [The-Home-Bakery] [http-nio-8082-exec-6] c.thb.bakery.controller.CartController   : Successfully retrieved 0 cart items for userId: 2
2025-12-03T00:24:22.080+05:30  INFO 7004 --- [The-Home-Bakery] [http-nio-8082-exec-2] c.t.bakery.controller.SnacksController   : Fetching image for ID: 1
2025-12-03T00:24:22.081+05:30  INFO 7004 --- [The-Home-Bakery] [http-nio-8082-exec-1] c.t.bakery.controller.SnacksController   : Fetching image for ID: 2
2025-12-03T00:24:22.087+05:30  INFO 7004 --- [The-Home-Bakery] [http-nio-8082-exec-5] c.t.bakery.controller.SnacksController   : Fetching image for ID: 5
2025-12-03T00:24:22.308+05:30  INFO 7004 --- [The-Home-Bakery] [http-nio-8082-exec-7] c.t.bakery.controller.ProductController  : Fetching all products - page: 0, size: 1000
2025-12-03T00:24:22.308+05:30  INFO 7004 --- [The-Home-Bakery] [http-nio-8082-exec-8] c.t.bakery.controller.SnacksController   : Fetching all snacks - page: 0, size: 10
2025-12-03T00:24:22.309+05:30  INFO 7004 --- [The-Home-Bakery] [http-nio-8082-exec-7] c.t.b.s.serviceImpl.ProductServiceImpl   : Fetching products with pagination - page: 0, size: 1000
2025-12-03T00:24:22.317+05:30  INFO 7004 --- [The-Home-Bakery] [http-nio-8082-exec-7] c.t.b.s.serviceImpl.ProductServiceImpl   : Retrieved page 1 of 1 with 4 products out of 4 total
2025-12-03T00:24:22.347+05:30  INFO 7004 --- [The-Home-Bakery] [http-nio-8082-exec-7] c.t.bakery.controller.ProductController  : Retrieved 4 products out of 4 total
2025-12-03T00:24:22.434+05:30  INFO 7004 --- [The-Home-Bakery] [http-nio-8082-exec-4] c.t.bakery.controller.ProductController  : Fetching image for product ID: 1
2025-12-03T00:24:22.434+05:30  INFO 7004 --- [The-Home-Bakery] [http-nio-8082-exec-3] c.t.bakery.controller.ProductController  : Fetching image for product ID: 3
2025-12-03T00:24:22.437+05:30  INFO 7004 --- [The-Home-Bakery] [http-nio-8082-exec-9] c.t.bakery.controller.ProductController  : Fetching image for product ID: 2
2025-12-03T00:24:22.501+05:30  INFO 7004 --- [The-Home-Bakery] [http-nio-8082-exec-6] c.t.bakery.controller.ProductController  : Fetching image for product ID: 6
2025-12-03T00:24:25.112+05:30  INFO 7004 --- [The-Home-Bakery] [http-nio-8082-exec-2] c.t.bakery.controller.ProductController  : Fetching all products - page: 0, size: 1000
2025-12-03T00:24:25.113+05:30  INFO 7004 --- [The-Home-Bakery] [http-nio-8082-exec-1] c.t.bakery.controller.SnacksController   : Fetching all snacks - page: 0, size: 10
2025-12-03T00:24:25.116+05:30  INFO 7004 --- [The-Home-Bakery] [http-nio-8082-exec-2] c.t.b.s.serviceImpl.ProductServiceImpl   : Fetching products with pagination - page: 0, size: 1000
2025-12-03T00:24:25.130+05:30  INFO 7004 --- [The-Home-Bakery] [http-nio-8082-exec-2] c.t.b.s.serviceImpl.ProductServiceImpl   : Retrieved page 1 of 1 with 4 products out of 4 total
2025-12-03T00:24:25.159+05:30  INFO 7004 --- [The-Home-Bakery] [http-nio-8082-exec-5] c.t.bakery.controller.SnacksController   : Fetching all snacks - page: 0, size: 10
2025-12-03T00:24:25.162+05:30  INFO 7004 --- [The-Home-Bakery] [http-nio-8082-exec-2] c.t.bakery.controller.ProductController  : Retrieved 4 products out of 4 total
2025-12-03T00:24:25.211+05:30  INFO 7004 --- [The-Home-Bakery] [http-nio-8082-exec-10] c.thb.bakery.controller.CartController   : Get cart request received for userId: 2
2025-12-03T00:24:25.214+05:30  INFO 7004 --- [The-Home-Bakery] [http-nio-8082-exec-10] c.thb.bakery.controller.CartController   : Successfully retrieved 0 cart items for userId: 2
2025-12-03T00:24:25.245+05:30  INFO 7004 --- [The-Home-Bakery] [http-nio-8082-exec-8] c.t.bakery.controller.ProductController  : Fetching image for product ID: 1
2025-12-03T00:24:25.247+05:30  INFO 7004 --- [The-Home-Bakery] [http-nio-8082-exec-7] c.t.bakery.controller.ProductController  : Fetching image for product ID: 2
2025-12-03T00:24:25.248+05:30  INFO 7004 --- [The-Home-Bakery] [http-nio-8082-exec-3] c.t.bakery.controller.ProductController  : Fetching image for product ID: 3
2025-12-03T00:24:25.249+05:30  INFO 7004 --- [The-Home-Bakery] [http-nio-8082-exec-4] c.t.bakery.controller.ProductController  : Fetching image for product ID: 6
2025-12-03T00:24:25.296+05:30  INFO 7004 --- [The-Home-Bakery] [http-nio-8082-exec-9] c.t.bakery.controller.SnacksController   : Fetching image for ID: 1
2025-12-03T00:24:25.306+05:30  INFO 7004 --- [The-Home-Bakery] [http-nio-8082-exec-6] c.t.bakery.controller.SnacksController   : Fetching image for ID: 2
2025-12-03T00:24:25.309+05:30  INFO 7004 --- [The-Home-Bakery] [http-nio-8082-exec-1] c.t.bakery.controller.SnacksController   : Fetching image for ID: 5
2025-12-03T00:24:31.176+05:30  INFO 7004 --- [The-Home-Bakery] [http-nio-8082-exec-5] c.t.bakery.controller.SnacksController   : Fetching all snacks - page: 0, size: 10
2025-12-03T00:24:31.230+05:30  INFO 7004 --- [The-Home-Bakery] [http-nio-8082-exec-10] c.thb.bakery.controller.CartController   : Get cart request received for userId: 2
2025-12-03T00:24:31.233+05:30  INFO 7004 --- [The-Home-Bakery] [http-nio-8082-exec-10] c.thb.bakery.controller.CartController   : Successfully retrieved 0 cart items for userId: 2
2025-12-03T00:24:31.264+05:30  INFO 7004 --- [The-Home-Bakery] [http-nio-8082-exec-8] c.t.bakery.controller.SnacksController   : Fetching image for ID: 1
2025-12-03T00:24:31.273+05:30  INFO 7004 --- [The-Home-Bakery] [http-nio-8082-exec-3] c.t.bakery.controller.SnacksController   : Fetching image for ID: 2
2025-12-03T00:24:31.279+05:30  INFO 7004 --- [The-Home-Bakery] [http-nio-8082-exec-7] c.t.bakery.controller.SnacksController   : Fetching image for ID: 5
2025-12-03T00:24:31.313+05:30  INFO 7004 --- [The-Home-Bakery] [http-nio-8082-exec-4] c.t.bakery.controller.ProductController  : Fetching all products - page: 0, size: 1000
2025-12-03T00:24:31.313+05:30  INFO 7004 --- [The-Home-Bakery] [http-nio-8082-exec-9] c.t.bakery.controller.SnacksController   : Fetching all snacks - page: 0, size: 10
2025-12-03T00:24:31.315+05:30  INFO 7004 --- [The-Home-Bakery] [http-nio-8082-exec-4] c.t.b.s.serviceImpl.ProductServiceImpl   : Fetching products with pagination - page: 0, size: 1000
2025-12-03T00:24:31.325+05:30  INFO 7004 --- [The-Home-Bakery] [http-nio-8082-exec-4] c.t.b.s.serviceImpl.ProductServiceImpl   : Retrieved page 1 of 1 with 4 products out of 4 total
2025-12-03T00:24:31.358+05:30  INFO 7004 --- [The-Home-Bakery] [http-nio-8082-exec-4] c.t.bakery.controller.ProductController  : Retrieved 4 products out of 4 total
2025-12-03T00:24:31.444+05:30  INFO 7004 --- [The-Home-Bakery] [http-nio-8082-exec-1] c.t.bakery.controller.ProductController  : Fetching image for product ID: 1
2025-12-03T00:24:31.445+05:30  INFO 7004 --- [The-Home-Bakery] [http-nio-8082-exec-2] c.t.bakery.controller.ProductController  : Fetching image for product ID: 2
2025-12-03T00:24:31.449+05:30  INFO 7004 --- [The-Home-Bakery] [http-nio-8082-exec-10] c.t.bakery.controller.ProductController  : Fetching image for product ID: 6
2025-12-03T00:24:31.449+05:30  INFO 7004 --- [The-Home-Bakery] [http-nio-8082-exec-5] c.t.bakery.controller.ProductController  : Fetching image for product ID: 3
2025-12-03T00:24:36.623+05:30  INFO 7004 --- [The-Home-Bakery] [http-nio-8082-exec-8] c.t.bakery.controller.SnacksController   : Fetching all snacks - page: 0, size: 10
2025-12-03T00:24:36.676+05:30  INFO 7004 --- [The-Home-Bakery] [http-nio-8082-exec-3] c.thb.bakery.controller.CartController   : Get cart request received for userId: 2
2025-12-03T00:24:36.680+05:30  INFO 7004 --- [The-Home-Bakery] [http-nio-8082-exec-3] c.thb.bakery.controller.CartController   : Successfully retrieved 0 cart items for userId: 2
2025-12-03T00:24:36.726+05:30  INFO 7004 --- [The-Home-Bakery] [http-nio-8082-exec-7] c.t.bakery.controller.SnacksController   : Fetching image for ID: 1
2025-12-03T00:24:36.734+05:30  INFO 7004 --- [The-Home-Bakery] [http-nio-8082-exec-9] c.t.bakery.controller.SnacksController   : Fetching image for ID: 2
2025-12-03T00:24:36.741+05:30  INFO 7004 --- [The-Home-Bakery] [http-nio-8082-exec-4] c.t.bakery.controller.SnacksController   : Fetching image for ID: 5
2025-12-03T00:24:36.921+05:30  INFO 7004 --- [The-Home-Bakery] [http-nio-8082-exec-1] c.t.bakery.controller.ProductController  : Fetching all products - page: 0, size: 1000
2025-12-03T00:24:36.921+05:30  INFO 7004 --- [The-Home-Bakery] [http-nio-8082-exec-2] c.t.bakery.controller.SnacksController   : Fetching all snacks - page: 0, size: 10
2025-12-03T00:24:36.922+05:30  INFO 7004 --- [The-Home-Bakery] [http-nio-8082-exec-1] c.t.b.s.serviceImpl.ProductServiceImpl   : Fetching products with pagination - page: 0, size: 1000
2025-12-03T00:24:36.930+05:30  INFO 7004 --- [The-Home-Bakery] [http-nio-8082-exec-1] c.t.b.s.serviceImpl.ProductServiceImpl   : Retrieved page 1 of 1 with 4 products out of 4 total
2025-12-03T00:24:36.976+05:30  INFO 7004 --- [The-Home-Bakery] [http-nio-8082-exec-1] c.t.bakery.controller.ProductController  : Retrieved 4 products out of 4 total
2025-12-03T00:24:37.089+05:30  INFO 7004 --- [The-Home-Bakery] [http-nio-8082-exec-10] c.t.bakery.controller.ProductController  : Fetching image for product ID: 1
2025-12-03T00:24:37.090+05:30  INFO 7004 --- [The-Home-Bakery] [http-nio-8082-exec-5] c.t.bakery.controller.ProductController  : Fetching image for product ID: 2
2025-12-03T00:24:37.092+05:30  INFO 7004 --- [The-Home-Bakery] [http-nio-8082-exec-8] c.t.bakery.controller.ProductController  : Fetching image for product ID: 3
2025-12-03T00:24:37.174+05:30  INFO 7004 --- [The-Home-Bakery] [http-nio-8082-exec-3] c.t.bakery.controller.ProductController  : Fetching image for product ID: 6
2025-12-03T00:24:40.278+05:30  INFO 7004 --- [The-Home-Bakery] [http-nio-8082-exec-7] c.t.bakery.controller.SnacksController   : Fetching all snacks - page: 0, size: 10
2025-12-03T00:24:40.321+05:30  INFO 7004 --- [The-Home-Bakery] [http-nio-8082-exec-9] c.thb.bakery.controller.CartController   : Get cart request received for userId: 2
2025-12-03T00:24:40.325+05:30  INFO 7004 --- [The-Home-Bakery] [http-nio-8082-exec-9] c.thb.bakery.controller.CartController   : Successfully retrieved 0 cart items for userId: 2
2025-12-03T00:24:40.340+05:30  INFO 7004 --- [The-Home-Bakery] [http-nio-8082-exec-4] c.t.bakery.controller.SnacksController   : Fetching image for ID: 1
2025-12-03T00:24:40.341+05:30  INFO 7004 --- [The-Home-Bakery] [http-nio-8082-exec-2] c.t.bakery.controller.SnacksController   : Fetching image for ID: 5
2025-12-03T00:24:40.341+05:30  INFO 7004 --- [The-Home-Bakery] [http-nio-8082-exec-6] c.t.bakery.controller.SnacksController   : Fetching image for ID: 2
2025-12-03T00:24:40.373+05:30  INFO 7004 --- [The-Home-Bakery] [http-nio-8082-exec-5] c.t.bakery.controller.SnacksController   : Fetching all snacks - page: 0, size: 10
2025-12-03T00:24:40.376+05:30  INFO 7004 --- [The-Home-Bakery] [http-nio-8082-exec-1] c.t.bakery.controller.ProductController  : Fetching all products - page: 0, size: 1000
2025-12-03T00:24:40.380+05:30  INFO 7004 --- [The-Home-Bakery] [http-nio-8082-exec-1] c.t.b.s.serviceImpl.ProductServiceImpl   : Fetching products with pagination - page: 0, size: 1000
2025-12-03T00:24:40.396+05:30  INFO 7004 --- [The-Home-Bakery] [http-nio-8082-exec-1] c.t.b.s.serviceImpl.ProductServiceImpl   : Retrieved page 1 of 1 with 4 products out of 4 total
2025-12-03T00:24:40.428+05:30  INFO 7004 --- [The-Home-Bakery] [http-nio-8082-exec-1] c.t.bakery.controller.ProductController  : Retrieved 4 products out of 4 total
2025-12-03T00:24:40.509+05:30  INFO 7004 --- [The-Home-Bakery] [http-nio-8082-exec-8] c.t.bakery.controller.ProductController  : Fetching image for product ID: 1
2025-12-03T00:24:40.511+05:30  INFO 7004 --- [The-Home-Bakery] [http-nio-8082-exec-3] c.t.bakery.controller.ProductController  : Fetching image for product ID: 2
2025-12-03T00:24:40.512+05:30  INFO 7004 --- [The-Home-Bakery] [http-nio-8082-exec-7] c.t.bakery.controller.ProductController  : Fetching image for product ID: 3
2025-12-03T00:24:40.517+05:30  INFO 7004 --- [The-Home-Bakery] [http-nio-8082-exec-9] c.t.bakery.controller.ProductController  : Fetching image for product ID: 6
2025-12-03T00:24:51.094+05:30  INFO 7004 --- [The-Home-Bakery] [http-nio-8082-exec-2] c.t.bakery.controller.SnacksController   : Fetching all snacks - page: 0, size: 10
2025-12-03T00:24:51.145+05:30  INFO 7004 --- [The-Home-Bakery] [http-nio-8082-exec-6] c.thb.bakery.controller.CartController   : Get cart request received for userId: 2
2025-12-03T00:24:51.152+05:30  INFO 7004 --- [The-Home-Bakery] [http-nio-8082-exec-6] c.thb.bakery.controller.CartController   : Successfully retrieved 0 cart items for userId: 2
2025-12-03T00:24:51.169+05:30  INFO 7004 --- [The-Home-Bakery] [http-nio-8082-exec-4] c.t.bakery.controller.SnacksController   : Fetching image for ID: 1
2025-12-03T00:24:51.170+05:30  INFO 7004 --- [The-Home-Bakery] [http-nio-8082-exec-5] c.t.bakery.controller.SnacksController   : Fetching image for ID: 2
2025-12-03T00:24:51.171+05:30  INFO 7004 --- [The-Home-Bakery] [http-nio-8082-exec-10] c.t.bakery.controller.SnacksController   : Fetching image for ID: 5
2025-12-03T00:24:51.204+05:30  INFO 7004 --- [The-Home-Bakery] [http-nio-8082-exec-1] c.t.bakery.controller.ProductController  : Fetching all products - page: 0, size: 1000
2025-12-03T00:24:51.204+05:30  INFO 7004 --- [The-Home-Bakery] [http-nio-8082-exec-8] c.t.bakery.controller.SnacksController   : Fetching all snacks - page: 0, size: 10
2025-12-03T00:24:51.206+05:30  INFO 7004 --- [The-Home-Bakery] [http-nio-8082-exec-1] c.t.b.s.serviceImpl.ProductServiceImpl   : Fetching products with pagination - page: 0, size: 1000
2025-12-03T00:24:51.212+05:30  INFO 7004 --- [The-Home-Bakery] [http-nio-8082-exec-1] c.t.b.s.serviceImpl.ProductServiceImpl   : Retrieved page 1 of 1 with 4 products out of 4 total
2025-12-03T00:24:51.245+05:30  INFO 7004 --- [The-Home-Bakery] [http-nio-8082-exec-1] c.t.bakery.controller.ProductController  : Retrieved 4 products out of 4 total
2025-12-03T00:24:51.317+05:30  INFO 7004 --- [The-Home-Bakery] [http-nio-8082-exec-7] c.t.bakery.controller.ProductController  : Fetching image for product ID: 1
2025-12-03T00:24:51.320+05:30  INFO 7004 --- [The-Home-Bakery] [http-nio-8082-exec-2] c.t.bakery.controller.ProductController  : Fetching image for product ID: 3
2025-12-03T00:24:51.324+05:30  INFO 7004 --- [The-Home-Bakery] [http-nio-8082-exec-9] c.t.bakery.controller.ProductController  : Fetching image for product ID: 2
2025-12-03T00:24:51.350+05:30  INFO 7004 --- [The-Home-Bakery] [http-nio-8082-exec-6] c.t.bakery.controller.ProductController  : Fetching image for product ID: 6
2025-12-03T00:24:59.214+05:30  INFO 7004 --- [The-Home-Bakery] [http-nio-8082-exec-5] c.t.bakery.controller.SnacksController   : Fetching all snacks - page: 0, size: 10
2025-12-03T00:24:59.264+05:30  INFO 7004 --- [The-Home-Bakery] [http-nio-8082-exec-10] c.thb.bakery.controller.CartController   : Get cart request received for userId: 2
2025-12-03T00:24:59.267+05:30  INFO 7004 --- [The-Home-Bakery] [http-nio-8082-exec-10] c.thb.bakery.controller.CartController   : Successfully retrieved 0 cart items for userId: 2
2025-12-03T00:24:59.296+05:30  INFO 7004 --- [The-Home-Bakery] [http-nio-8082-exec-4] c.t.bakery.controller.SnacksController   : Fetching image for ID: 1
2025-12-03T00:24:59.300+05:30  INFO 7004 --- [The-Home-Bakery] [http-nio-8082-exec-3] c.t.bakery.controller.SnacksController   : Fetching image for ID: 5
2025-12-03T00:24:59.302+05:30  INFO 7004 --- [The-Home-Bakery] [http-nio-8082-exec-8] c.t.bakery.controller.SnacksController   : Fetching image for ID: 2
2025-12-03T00:24:59.399+05:30  INFO 7004 --- [The-Home-Bakery] [http-nio-8082-exec-7] c.t.bakery.controller.ProductController  : Fetching all products - page: 0, size: 1000
2025-12-03T00:24:59.398+05:30  INFO 7004 --- [The-Home-Bakery] [http-nio-8082-exec-2] c.t.bakery.controller.SnacksController   : Fetching all snacks - page: 0, size: 10
2025-12-03T00:24:59.403+05:30  INFO 7004 --- [The-Home-Bakery] [http-nio-8082-exec-7] c.t.b.s.serviceImpl.ProductServiceImpl   : Fetching products with pagination - page: 0, size: 1000
2025-12-03T00:24:59.410+05:30  INFO 7004 --- [The-Home-Bakery] [http-nio-8082-exec-7] c.t.b.s.serviceImpl.ProductServiceImpl   : Retrieved page 1 of 1 with 4 products out of 4 total
2025-12-03T00:24:59.437+05:30  INFO 7004 --- [The-Home-Bakery] [http-nio-8082-exec-7] c.t.bakery.controller.ProductController  : Retrieved 4 products out of 4 total
2025-12-03T00:24:59.491+05:30  INFO 7004 --- [The-Home-Bakery] [http-nio-8082-exec-6] c.t.bakery.controller.ProductController  : Fetching image for product ID: 2
2025-12-03T00:24:59.491+05:30  INFO 7004 --- [The-Home-Bakery] [http-nio-8082-exec-9] c.t.bakery.controller.ProductController  : Fetching image for product ID: 1
2025-12-03T00:24:59.492+05:30  INFO 7004 --- [The-Home-Bakery] [http-nio-8082-exec-5] c.t.bakery.controller.ProductController  : Fetching image for product ID: 3
2025-12-03T00:24:59.493+05:30  INFO 7004 --- [The-Home-Bakery] [http-nio-8082-exec-10] c.t.bakery.controller.ProductController  : Fetching image for product ID: 6
2025-12-03T00:25:19.126+05:30  INFO 7004 --- [The-Home-Bakery] [http-nio-8082-exec-3] c.t.bakery.controller.SnacksController   : Fetching all snacks - page: 0, size: 10
2025-12-03T00:25:19.150+05:30  INFO 7004 --- [The-Home-Bakery] [http-nio-8082-exec-7] c.t.bakery.controller.SnacksController   : Fetching all snacks - page: 0, size: 10
2025-12-03T00:25:19.151+05:30  INFO 7004 --- [The-Home-Bakery] [http-nio-8082-exec-2] c.t.bakery.controller.ProductController  : Fetching all products - page: 0, size: 1000
2025-12-03T00:25:19.152+05:30  INFO 7004 --- [The-Home-Bakery] [http-nio-8082-exec-2] c.t.b.s.serviceImpl.ProductServiceImpl   : Fetching products with pagination - page: 0, size: 1000
2025-12-03T00:25:19.161+05:30  INFO 7004 --- [The-Home-Bakery] [http-nio-8082-exec-2] c.t.b.s.serviceImpl.ProductServiceImpl   : Retrieved page 1 of 1 with 4 products out of 4 total
2025-12-03T00:25:19.191+05:30  INFO 7004 --- [The-Home-Bakery] [http-nio-8082-exec-2] c.t.bakery.controller.ProductController  : Retrieved 4 products out of 4 total
2025-12-03T00:25:19.202+05:30  INFO 7004 --- [The-Home-Bakery] [http-nio-8082-exec-9] c.thb.bakery.controller.CartController   : Get cart request received for userId: 2
2025-12-03T00:25:19.205+05:30  INFO 7004 --- [The-Home-Bakery] [http-nio-8082-exec-9] c.thb.bakery.controller.CartController   : Successfully retrieved 0 cart items for userId: 2
2025-12-03T00:25:19.239+05:30  INFO 7004 --- [The-Home-Bakery] [http-nio-8082-exec-6] c.t.bakery.controller.SnacksController   : Fetching image for ID: 1
2025-12-03T00:25:19.247+05:30  INFO 7004 --- [The-Home-Bakery] [http-nio-8082-exec-5] c.t.bakery.controller.SnacksController   : Fetching image for ID: 2
2025-12-03T00:25:19.249+05:30  INFO 7004 --- [The-Home-Bakery] [http-nio-8082-exec-6] c.t.bakery.controller.SnacksController   : Fetching image for ID: 5
2025-12-03T00:25:19.288+05:30  INFO 7004 --- [The-Home-Bakery] [http-nio-8082-exec-4] c.t.bakery.controller.ProductController  : Fetching image for product ID: 1
2025-12-03T00:25:19.299+05:30  INFO 7004 --- [The-Home-Bakery] [http-nio-8082-exec-8] c.t.bakery.controller.ProductController  : Fetching image for product ID: 2
2025-12-03T00:25:19.301+05:30  INFO 7004 --- [The-Home-Bakery] [http-nio-8082-exec-1] c.t.bakery.controller.ProductController  : Fetching image for product ID: 3
2025-12-03T00:25:19.325+05:30  INFO 7004 --- [The-Home-Bakery] [http-nio-8082-exec-7] c.t.bakery.controller.ProductController  : Fetching image for product ID: 6
2025-12-03T00:25:27.475+05:30  INFO 7004 --- [The-Home-Bakery] [http-nio-8082-exec-2] c.t.bakery.controller.SnacksController   : Fetching all snacks - page: 0, size: 10
2025-12-03T00:25:27.525+05:30  INFO 7004 --- [The-Home-Bakery] [http-nio-8082-exec-9] c.thb.bakery.controller.CartController   : Get cart request received for userId: 2
2025-12-03T00:25:27.528+05:30  INFO 7004 --- [The-Home-Bakery] [http-nio-8082-exec-9] c.thb.bakery.controller.CartController   : Successfully retrieved 0 cart items for userId: 2
2025-12-03T00:25:27.550+05:30  INFO 7004 --- [The-Home-Bakery] [http-nio-8082-exec-10] c.t.bakery.controller.SnacksController   : Fetching image for ID: 1
2025-12-03T00:25:27.550+05:30  INFO 7004 --- [The-Home-Bakery] [http-nio-8082-exec-5] c.t.bakery.controller.SnacksController   : Fetching image for ID: 2
2025-12-03T00:25:27.553+05:30  INFO 7004 --- [The-Home-Bakery] [http-nio-8082-exec-6] c.t.bakery.controller.SnacksController   : Fetching image for ID: 5
2025-12-03T00:25:27.596+05:30  INFO 7004 --- [The-Home-Bakery] [http-nio-8082-exec-4] c.t.bakery.controller.ProductController  : Fetching all products - page: 0, size: 1000
2025-12-03T00:25:27.597+05:30  INFO 7004 --- [The-Home-Bakery] [http-nio-8082-exec-3] c.t.bakery.controller.SnacksController   : Fetching all snacks - page: 0, size: 10
2025-12-03T00:25:27.598+05:30  INFO 7004 --- [The-Home-Bakery] [http-nio-8082-exec-4] c.t.b.s.serviceImpl.ProductServiceImpl   : Fetching products with pagination - page: 0, size: 1000
2025-12-03T00:25:27.606+05:30  INFO 7004 --- [The-Home-Bakery] [http-nio-8082-exec-4] c.t.b.s.serviceImpl.ProductServiceImpl   : Retrieved page 1 of 1 with 4 products out of 4 total
2025-12-03T00:25:27.631+05:30  INFO 7004 --- [The-Home-Bakery] [http-nio-8082-exec-4] c.t.bakery.controller.ProductController  : Retrieved 4 products out of 4 total
2025-12-03T00:25:27.681+05:30  INFO 7004 --- [The-Home-Bakery] [http-nio-8082-exec-1] c.t.bakery.controller.ProductController  : Fetching image for product ID: 1
2025-12-03T00:25:27.681+05:30  INFO 7004 --- [The-Home-Bakery] [http-nio-8082-exec-7] c.t.bakery.controller.ProductController  : Fetching image for product ID: 2
2025-12-03T00:25:27.682+05:30  INFO 7004 --- [The-Home-Bakery] [http-nio-8082-exec-2] c.t.bakery.controller.ProductController  : Fetching image for product ID: 3
2025-12-03T00:25:27.684+05:30  INFO 7004 --- [The-Home-Bakery] [http-nio-8082-exec-9] c.t.bakery.controller.ProductController  : Fetching image for product ID: 6
2025-12-03T00:25:56.364+05:30  INFO 7004 --- [The-Home-Bakery] [http-nio-8082-exec-10] c.t.bakery.controller.SnacksController   : Fetching all snacks - page: 0, size: 10
2025-12-03T00:25:56.404+05:30  INFO 7004 --- [The-Home-Bakery] [http-nio-8082-exec-5] c.thb.bakery.controller.CartController   : Get cart request received for userId: 2
2025-12-03T00:25:56.407+05:30  INFO 7004 --- [The-Home-Bakery] [http-nio-8082-exec-5] c.thb.bakery.controller.CartController   : Successfully retrieved 0 cart items for userId: 2
2025-12-03T00:25:56.433+05:30  INFO 7004 --- [The-Home-Bakery] [http-nio-8082-exec-3] c.t.bakery.controller.SnacksController   : Fetching image for ID: 1
2025-12-03T00:25:56.433+05:30  INFO 7004 --- [The-Home-Bakery] [http-nio-8082-exec-8] c.t.bakery.controller.SnacksController   : Fetching image for ID: 2
2025-12-03T00:25:56.434+05:30  INFO 7004 --- [The-Home-Bakery] [http-nio-8082-exec-4] c.t.bakery.controller.SnacksController   : Fetching image for ID: 5
2025-12-03T00:25:56.511+05:30  INFO 7004 --- [The-Home-Bakery] [http-nio-8082-exec-7] c.t.bakery.controller.ProductController  : Fetching all products - page: 0, size: 1000
2025-12-03T00:25:56.512+05:30  INFO 7004 --- [The-Home-Bakery] [http-nio-8082-exec-2] c.t.bakery.controller.SnacksController   : Fetching all snacks - page: 0, size: 10
2025-12-03T00:25:56.513+05:30  INFO 7004 --- [The-Home-Bakery] [http-nio-8082-exec-7] c.t.b.s.serviceImpl.ProductServiceImpl   : Fetching products with pagination - page: 0, size: 1000
2025-12-03T00:25:56.521+05:30  INFO 7004 --- [The-Home-Bakery] [http-nio-8082-exec-7] c.t.b.s.serviceImpl.ProductServiceImpl   : Retrieved page 1 of 1 with 4 products out of 4 total
2025-12-03T00:25:56.552+05:30  INFO 7004 --- [The-Home-Bakery] [http-nio-8082-exec-7] c.t.bakery.controller.ProductController  : Retrieved 4 products out of 4 total
2025-12-03T00:25:56.658+05:30  INFO 7004 --- [The-Home-Bakery] [http-nio-8082-exec-6] c.t.bakery.controller.ProductController  : Fetching image for product ID: 2
2025-12-03T00:25:56.658+05:30  INFO 7004 --- [The-Home-Bakery] [http-nio-8082-exec-5] c.t.bakery.controller.ProductController  : Fetching image for product ID: 6
2025-12-03T00:25:56.658+05:30  INFO 7004 --- [The-Home-Bakery] [http-nio-8082-exec-9] c.t.bakery.controller.ProductController  : Fetching image for product ID: 1
2025-12-03T00:25:56.658+05:30  INFO 7004 --- [The-Home-Bakery] [http-nio-8082-exec-10] c.t.bakery.controller.ProductController  : Fetching image for product ID: 3
2025-12-03T00:26:21.229+05:30  INFO 7004 --- [The-Home-Bakery] [http-nio-8082-exec-3] c.t.bakery.controller.SnacksController   : Fetching all snacks - page: 0, size: 10
2025-12-03T00:26:21.250+05:30  INFO 7004 --- [The-Home-Bakery] [http-nio-8082-exec-8] c.t.bakery.controller.ProductController  : Fetching all products - page: 0, size: 1000
2025-12-03T00:26:21.250+05:30  INFO 7004 --- [The-Home-Bakery] [http-nio-8082-exec-4] c.t.bakery.controller.SnacksController   : Fetching all snacks - page: 0, size: 10
2025-12-03T00:26:21.256+05:30  INFO 7004 --- [The-Home-Bakery] [http-nio-8082-exec-8] c.t.b.s.serviceImpl.ProductServiceImpl   : Fetching products with pagination - page: 0, size: 1000
2025-12-03T00:26:21.262+05:30  INFO 7004 --- [The-Home-Bakery] [http-nio-8082-exec-8] c.t.b.s.serviceImpl.ProductServiceImpl   : Retrieved page 1 of 1 with 4 products out of 4 total
2025-12-03T00:26:21.297+05:30  INFO 7004 --- [The-Home-Bakery] [http-nio-8082-exec-8] c.t.bakery.controller.ProductController  : Retrieved 4 products out of 4 total
2025-12-03T00:26:21.321+05:30  INFO 7004 --- [The-Home-Bakery] [http-nio-8082-exec-1] c.t.bakery.controller.ProductController  : Fetching image for product ID: 1
2025-12-03T00:26:21.322+05:30  INFO 7004 --- [The-Home-Bakery] [http-nio-8082-exec-2] c.t.bakery.controller.ProductController  : Fetching image for product ID: 2
2025-12-03T00:26:21.327+05:30  INFO 7004 --- [The-Home-Bakery] [http-nio-8082-exec-10] c.t.bakery.controller.ProductController  : Fetching image for product ID: 6
2025-12-03T00:26:21.327+05:30  INFO 7004 --- [The-Home-Bakery] [http-nio-8082-exec-7] c.t.bakery.controller.ProductController  : Fetching image for product ID: 3
2025-12-03T00:26:21.336+05:30  INFO 7004 --- [The-Home-Bakery] [http-nio-8082-exec-10] c.thb.bakery.controller.CartController   : Get cart request received for userId: 2
2025-12-03T00:26:21.339+05:30  INFO 7004 --- [The-Home-Bakery] [http-nio-8082-exec-10] c.thb.bakery.controller.CartController   : Successfully retrieved 0 cart items for userId: 2
2025-12-03T00:26:21.374+05:30  INFO 7004 --- [The-Home-Bakery] [http-nio-8082-exec-9] c.t.bakery.controller.SnacksController   : Fetching image for ID: 1
2025-12-03T00:26:21.379+05:30  INFO 7004 --- [The-Home-Bakery] [http-nio-8082-exec-3] c.t.bakery.controller.SnacksController   : Fetching image for ID: 5
2025-12-03T00:26:21.379+05:30  INFO 7004 --- [The-Home-Bakery] [http-nio-8082-exec-5] c.t.bakery.controller.SnacksController   : Fetching image for ID: 2
2025-12-03T00:26:26.610+05:30  INFO 7004 --- [The-Home-Bakery] [http-nio-8082-exec-4] c.t.bakery.controller.SnacksController   : Fetching all snacks - page: 0, size: 10
2025-12-03T00:26:26.692+05:30  INFO 7004 --- [The-Home-Bakery] [http-nio-8082-exec-1] c.thb.bakery.controller.CartController   : Get cart request received for userId: 2
2025-12-03T00:26:26.695+05:30  INFO 7004 --- [The-Home-Bakery] [http-nio-8082-exec-1] c.thb.bakery.controller.CartController   : Successfully retrieved 0 cart items for userId: 2
2025-12-03T00:26:26.732+05:30  INFO 7004 --- [The-Home-Bakery] [http-nio-8082-exec-2] c.t.bakery.controller.SnacksController   : Fetching image for ID: 1
2025-12-03T00:26:26.734+05:30  INFO 7004 --- [The-Home-Bakery] [http-nio-8082-exec-6] c.t.bakery.controller.SnacksController   : Fetching image for ID: 2
2025-12-03T00:26:26.738+05:30  INFO 7004 --- [The-Home-Bakery] [http-nio-8082-exec-7] c.t.bakery.controller.SnacksController   : Fetching image for ID: 5
2025-12-03T00:26:27.177+05:30  INFO 7004 --- [The-Home-Bakery] [http-nio-8082-exec-3] c.t.bakery.controller.SnacksController   : Fetching all snacks - page: 0, size: 10
2025-12-03T00:26:27.177+05:30  INFO 7004 --- [The-Home-Bakery] [http-nio-8082-exec-9] c.t.bakery.controller.ProductController  : Fetching all products - page: 0, size: 1000
2025-12-03T00:26:27.179+05:30  INFO 7004 --- [The-Home-Bakery] [http-nio-8082-exec-9] c.t.b.s.serviceImpl.ProductServiceImpl   : Fetching products with pagination - page: 0, size: 1000
2025-12-03T00:26:27.186+05:30  INFO 7004 --- [The-Home-Bakery] [http-nio-8082-exec-9] c.t.b.s.serviceImpl.ProductServiceImpl   : Retrieved page 1 of 1 with 4 products out of 4 total
2025-12-03T00:26:27.214+05:30  INFO 7004 --- [The-Home-Bakery] [http-nio-8082-exec-9] c.t.bakery.controller.ProductController  : Retrieved 4 products out of 4 total
2025-12-03T00:26:27.310+05:30  INFO 7004 --- [The-Home-Bakery] [http-nio-8082-exec-5] c.t.bakery.controller.ProductController  : Fetching image for product ID: 1
2025-12-03T00:26:27.312+05:30  INFO 7004 --- [The-Home-Bakery] [http-nio-8082-exec-8] c.t.bakery.controller.ProductController  : Fetching image for product ID: 2
2025-12-03T00:26:27.313+05:30  INFO 7004 --- [The-Home-Bakery] [http-nio-8082-exec-4] c.t.bakery.controller.ProductController  : Fetching image for product ID: 3
2025-12-03T00:26:27.448+05:30  INFO 7004 --- [The-Home-Bakery] [http-nio-8082-exec-1] c.t.bakery.controller.ProductController  : Fetching image for product ID: 6
2025-12-03T00:26:28.992+05:30  INFO 7004 --- [The-Home-Bakery] [http-nio-8082-exec-2] c.t.bakery.controller.SnacksController   : Fetching all snacks - page: 0, size: 10
2025-12-03T00:26:29.040+05:30  INFO 7004 --- [The-Home-Bakery] [http-nio-8082-exec-6] c.t.bakery.controller.ProductController  : Fetching all products - page: 0, size: 1000
2025-12-03T00:26:29.044+05:30  INFO 7004 --- [The-Home-Bakery] [http-nio-8082-exec-6] c.t.b.s.serviceImpl.ProductServiceImpl   : Fetching products with pagination - page: 0, size: 1000
2025-12-03T00:26:29.045+05:30  INFO 7004 --- [The-Home-Bakery] [http-nio-8082-exec-7] c.t.bakery.controller.SnacksController   : Fetching all snacks - page: 0, size: 10
2025-12-03T00:26:29.051+05:30  INFO 7004 --- [The-Home-Bakery] [http-nio-8082-exec-6] c.t.b.s.serviceImpl.ProductServiceImpl   : Retrieved page 1 of 1 with 4 products out of 4 total
2025-12-03T00:26:29.065+05:30  INFO 7004 --- [The-Home-Bakery] [http-nio-8082-exec-10] c.thb.bakery.controller.CartController   : Get cart request received for userId: 2
2025-12-03T00:26:29.068+05:30  INFO 7004 --- [The-Home-Bakery] [http-nio-8082-exec-10] c.thb.bakery.controller.CartController   : Successfully retrieved 0 cart items for userId: 2
2025-12-03T00:26:29.076+05:30  INFO 7004 --- [The-Home-Bakery] [http-nio-8082-exec-6] c.t.bakery.controller.ProductController  : Retrieved 4 products out of 4 total
2025-12-03T00:26:29.110+05:30  INFO 7004 --- [The-Home-Bakery] [http-nio-8082-exec-3] c.t.bakery.controller.SnacksController   : Fetching image for ID: 1
2025-12-03T00:26:29.119+05:30  INFO 7004 --- [The-Home-Bakery] [http-nio-8082-exec-3] c.t.bakery.controller.SnacksController   : Fetching image for ID: 2
2025-12-03T00:26:29.131+05:30  INFO 7004 --- [The-Home-Bakery] [http-nio-8082-exec-5] c.t.bakery.controller.SnacksController   : Fetching image for ID: 5
2025-12-03T00:26:29.168+05:30  INFO 7004 --- [The-Home-Bakery] [http-nio-8082-exec-8] c.t.bakery.controller.ProductController  : Fetching image for product ID: 1
2025-12-03T00:26:29.170+05:30  INFO 7004 --- [The-Home-Bakery] [http-nio-8082-exec-1] c.t.bakery.controller.ProductController  : Fetching image for product ID: 2
2025-12-03T00:26:29.172+05:30  INFO 7004 --- [The-Home-Bakery] [http-nio-8082-exec-2] c.t.bakery.controller.ProductController  : Fetching image for product ID: 3
2025-12-03T00:26:29.198+05:30  INFO 7004 --- [The-Home-Bakery] [http-nio-8082-exec-7] c.t.bakery.controller.ProductController  : Fetching image for product ID: 6
2025-12-03T00:27:08.974+05:30  INFO 7004 --- [The-Home-Bakery] [http-nio-8082-exec-10] c.t.bakery.controller.SnacksController   : Fetching all snacks - page: 0, size: 10
2025-12-03T00:27:09.014+05:30  INFO 7004 --- [The-Home-Bakery] [http-nio-8082-exec-6] c.thb.bakery.controller.CartController   : Get cart request received for userId: 2
2025-12-03T00:27:09.017+05:30  INFO 7004 --- [The-Home-Bakery] [http-nio-8082-exec-6] c.thb.bakery.controller.CartController   : Successfully retrieved 0 cart items for userId: 2
2025-12-03T00:27:09.031+05:30  INFO 7004 --- [The-Home-Bakery] [http-nio-8082-exec-9] c.t.bakery.controller.SnacksController   : Fetching image for ID: 1
2025-12-03T00:27:09.032+05:30  INFO 7004 --- [The-Home-Bakery] [http-nio-8082-exec-3] c.t.bakery.controller.SnacksController   : Fetching image for ID: 2
2025-12-03T00:27:09.033+05:30  INFO 7004 --- [The-Home-Bakery] [http-nio-8082-exec-5] c.t.bakery.controller.SnacksController   : Fetching image for ID: 5
2025-12-03T00:27:09.122+05:30  INFO 7004 --- [The-Home-Bakery] [http-nio-8082-exec-8] c.t.bakery.controller.ProductController  : Fetching all products - page: 0, size: 1000
2025-12-03T00:27:09.122+05:30  INFO 7004 --- [The-Home-Bakery] [http-nio-8082-exec-2] c.t.bakery.controller.SnacksController   : Fetching all snacks - page: 0, size: 10
2025-12-03T00:27:09.123+05:30  INFO 7004 --- [The-Home-Bakery] [http-nio-8082-exec-8] c.t.b.s.serviceImpl.ProductServiceImpl   : Fetching products with pagination - page: 0, size: 1000
2025-12-03T00:27:09.130+05:30  INFO 7004 --- [The-Home-Bakery] [http-nio-8082-exec-8] c.t.b.s.serviceImpl.ProductServiceImpl   : Retrieved page 1 of 1 with 4 products out of 4 total
2025-12-03T00:27:09.156+05:30  INFO 7004 --- [The-Home-Bakery] [http-nio-8082-exec-8] c.t.bakery.controller.ProductController  : Retrieved 4 products out of 4 total
2025-12-03T00:27:09.260+05:30  INFO 7004 --- [The-Home-Bakery] [http-nio-8082-exec-1] c.t.bakery.controller.ProductController  : Fetching image for product ID: 1
2025-12-03T00:27:09.262+05:30  INFO 7004 --- [The-Home-Bakery] [http-nio-8082-exec-7] c.t.bakery.controller.ProductController  : Fetching image for product ID: 2
2025-12-03T00:27:09.263+05:30  INFO 7004 --- [The-Home-Bakery] [http-nio-8082-exec-10] c.t.bakery.controller.ProductController  : Fetching image for product ID: 3
2025-12-03T00:27:09.264+05:30  INFO 7004 --- [The-Home-Bakery] [http-nio-8082-exec-6] c.t.bakery.controller.ProductController  : Fetching image for product ID: 6
2025-12-03T00:27:49.885+05:30  INFO 7004 --- [The-Home-Bakery] [http-nio-8082-exec-9] c.t.bakery.controller.SnacksController   : Fetching all snacks - page: 0, size: 10
2025-12-03T00:27:49.946+05:30  INFO 7004 --- [The-Home-Bakery] [http-nio-8082-exec-5] c.thb.bakery.controller.CartController   : Get cart request received for userId: 2
2025-12-03T00:27:49.950+05:30  INFO 7004 --- [The-Home-Bakery] [http-nio-8082-exec-5] c.thb.bakery.controller.CartController   : Successfully retrieved 0 cart items for userId: 2
2025-12-03T00:27:50.044+05:30  INFO 7004 --- [The-Home-Bakery] [http-nio-8082-exec-4] c.t.bakery.controller.SnacksController   : Fetching image for ID: 1
2025-12-03T00:27:50.045+05:30  INFO 7004 --- [The-Home-Bakery] [http-nio-8082-exec-2] c.t.bakery.controller.SnacksController   : Fetching image for ID: 2
2025-12-03T00:27:50.046+05:30  INFO 7004 --- [The-Home-Bakery] [http-nio-8082-exec-8] c.t.bakery.controller.SnacksController   : Fetching image for ID: 5
2025-12-03T00:27:50.362+05:30  INFO 7004 --- [The-Home-Bakery] [http-nio-8082-exec-7] c.t.bakery.controller.SnacksController   : Fetching all snacks - page: 0, size: 10
2025-12-03T00:27:50.362+05:30  INFO 7004 --- [The-Home-Bakery] [http-nio-8082-exec-10] c.t.bakery.controller.ProductController  : Fetching all products - page: 0, size: 1000
2025-12-03T00:27:50.364+05:30  INFO 7004 --- [The-Home-Bakery] [http-nio-8082-exec-10] c.t.b.s.serviceImpl.ProductServiceImpl   : Fetching products with pagination - page: 0, size: 1000
2025-12-03T00:27:50.372+05:30  INFO 7004 --- [The-Home-Bakery] [http-nio-8082-exec-10] c.t.b.s.serviceImpl.ProductServiceImpl   : Retrieved page 1 of 1 with 4 products out of 4 total
2025-12-03T00:27:50.403+05:30  INFO 7004 --- [The-Home-Bakery] [http-nio-8082-exec-10] c.t.bakery.controller.ProductController  : Retrieved 4 products out of 4 total
2025-12-03T00:27:50.564+05:30  INFO 7004 --- [The-Home-Bakery] [http-nio-8082-exec-6] c.t.bakery.controller.ProductController  : Fetching image for product ID: 1
2025-12-03T00:27:50.567+05:30  INFO 7004 --- [The-Home-Bakery] [http-nio-8082-exec-9] c.t.bakery.controller.ProductController  : Fetching image for product ID: 3
2025-12-03T00:27:50.567+05:30  INFO 7004 --- [The-Home-Bakery] [http-nio-8082-exec-3] c.t.bakery.controller.ProductController  : Fetching image for product ID: 2
2025-12-03T00:27:50.669+05:30  INFO 7004 --- [The-Home-Bakery] [http-nio-8082-exec-5] c.t.bakery.controller.ProductController  : Fetching image for product ID: 6
2025-12-03T00:27:53.619+05:30  INFO 7004 --- [The-Home-Bakery] [http-nio-8082-exec-2] c.t.bakery.controller.SnacksController   : Fetching all snacks - page: 0, size: 10
2025-12-03T00:27:53.672+05:30  INFO 7004 --- [The-Home-Bakery] [http-nio-8082-exec-4] c.t.bakery.controller.ProductController  : Fetching all products - page: 0, size: 1000
2025-12-03T00:27:53.673+05:30  INFO 7004 --- [The-Home-Bakery] [http-nio-8082-exec-8] c.t.bakery.controller.SnacksController   : Fetching all snacks - page: 0, size: 10
2025-12-03T00:27:53.675+05:30  INFO 7004 --- [The-Home-Bakery] [http-nio-8082-exec-4] c.t.b.s.serviceImpl.ProductServiceImpl   : Fetching products with pagination - page: 0, size: 1000
2025-12-03T00:27:53.678+05:30  INFO 7004 --- [The-Home-Bakery] [http-nio-8082-exec-1] c.thb.bakery.controller.CartController   : Get cart request received for userId: 2
2025-12-03T00:27:53.682+05:30  INFO 7004 --- [The-Home-Bakery] [http-nio-8082-exec-1] c.thb.bakery.controller.CartController   : Successfully retrieved 0 cart items for userId: 2
2025-12-03T00:27:53.682+05:30  INFO 7004 --- [The-Home-Bakery] [http-nio-8082-exec-4] c.t.b.s.serviceImpl.ProductServiceImpl   : Retrieved page 1 of 1 with 4 products out of 4 total
2025-12-03T00:27:53.707+05:30  INFO 7004 --- [The-Home-Bakery] [http-nio-8082-exec-4] c.t.bakery.controller.ProductController  : Retrieved 4 products out of 4 total
2025-12-03T00:27:53.719+05:30  INFO 7004 --- [The-Home-Bakery] [http-nio-8082-exec-7] c.t.bakery.controller.SnacksController   : Fetching image for ID: 1
2025-12-03T00:27:53.720+05:30  INFO 7004 --- [The-Home-Bakery] [http-nio-8082-exec-6] c.t.bakery.controller.SnacksController   : Fetching image for ID: 5
2025-12-03T00:27:53.722+05:30  INFO 7004 --- [The-Home-Bakery] [http-nio-8082-exec-10] c.t.bakery.controller.SnacksController   : Fetching image for ID: 2
2025-12-03T00:27:53.782+05:30  INFO 7004 --- [The-Home-Bakery] [http-nio-8082-exec-9] c.t.bakery.controller.ProductController  : Fetching image for product ID: 1
2025-12-03T00:27:53.783+05:30  INFO 7004 --- [The-Home-Bakery] [http-nio-8082-exec-3] c.t.bakery.controller.ProductController  : Fetching image for product ID: 2
2025-12-03T00:27:53.789+05:30  INFO 7004 --- [The-Home-Bakery] [http-nio-8082-exec-5] c.t.bakery.controller.ProductController  : Fetching image for product ID: 3
2025-12-03T00:27:53.796+05:30  INFO 7004 --- [The-Home-Bakery] [http-nio-8082-exec-1] c.t.bakery.controller.ProductController  : Fetching image for product ID: 6
2025-12-03T00:28:28.284+05:30  INFO 7004 --- [The-Home-Bakery] [http-nio-8082-exec-8] c.t.bakery.controller.SnacksController   : Fetching all snacks - page: 0, size: 10
2025-12-03T00:28:28.343+05:30  INFO 7004 --- [The-Home-Bakery] [http-nio-8082-exec-4] c.thb.bakery.controller.CartController   : Get cart request received for userId: 2
2025-12-03T00:28:28.345+05:30  INFO 7004 --- [The-Home-Bakery] [http-nio-8082-exec-4] c.thb.bakery.controller.CartController   : Successfully retrieved 0 cart items for userId: 2
2025-12-03T00:28:28.377+05:30  INFO 7004 --- [The-Home-Bakery] [http-nio-8082-exec-7] c.t.bakery.controller.SnacksController   : Fetching image for ID: 1
2025-12-03T00:28:28.378+05:30  INFO 7004 --- [The-Home-Bakery] [http-nio-8082-exec-6] c.t.bakery.controller.SnacksController   : Fetching image for ID: 2
2025-12-03T00:28:28.383+05:30  INFO 7004 --- [The-Home-Bakery] [http-nio-8082-exec-10] c.t.bakery.controller.SnacksController   : Fetching image for ID: 5
2025-12-03T00:28:28.441+05:30  INFO 7004 --- [The-Home-Bakery] [http-nio-8082-exec-3] c.t.bakery.controller.SnacksController   : Fetching all snacks - page: 0, size: 10
2025-12-03T00:28:28.442+05:30  INFO 7004 --- [The-Home-Bakery] [http-nio-8082-exec-2] c.t.bakery.controller.ProductController  : Fetching all products - page: 0, size: 1000
2025-12-03T00:28:28.443+05:30  INFO 7004 --- [The-Home-Bakery] [http-nio-8082-exec-2] c.t.b.s.serviceImpl.ProductServiceImpl   : Fetching products with pagination - page: 0, size: 1000
2025-12-03T00:28:28.451+05:30  INFO 7004 --- [The-Home-Bakery] [http-nio-8082-exec-2] c.t.b.s.serviceImpl.ProductServiceImpl   : Retrieved page 1 of 1 with 4 products out of 4 total
2025-12-03T00:28:28.475+05:30  INFO 7004 --- [The-Home-Bakery] [http-nio-8082-exec-2] c.t.bakery.controller.ProductController  : Retrieved 4 products out of 4 total
2025-12-03T00:28:28.593+05:30  INFO 7004 --- [The-Home-Bakery] [http-nio-8082-exec-5] c.t.bakery.controller.ProductController  : Fetching image for product ID: 1
2025-12-03T00:28:28.594+05:30  INFO 7004 --- [The-Home-Bakery] [http-nio-8082-exec-8] c.t.bakery.controller.ProductController  : Fetching image for product ID: 3
2025-12-03T00:28:28.593+05:30  INFO 7004 --- [The-Home-Bakery] [http-nio-8082-exec-1] c.t.bakery.controller.ProductController  : Fetching image for product ID: 2
2025-12-03T00:28:28.604+05:30  INFO 7004 --- [The-Home-Bakery] [http-nio-8082-exec-4] c.t.bakery.controller.ProductController  : Fetching image for product ID: 6
2025-12-03T00:28:47.905+05:30  INFO 7004 --- [The-Home-Bakery] [http-nio-8082-exec-6] c.t.bakery.controller.ProductController  : Fetching product with ID: 6
2025-12-03T00:28:47.909+05:30  INFO 7004 --- [The-Home-Bakery] [http-nio-8082-exec-6] c.t.b.s.serviceImpl.ProductServiceImpl   : Fetching product by ID: 6
2025-12-03T00:28:47.914+05:30  INFO 7004 --- [The-Home-Bakery] [http-nio-8082-exec-6] c.t.b.s.serviceImpl.ProductServiceImpl   : Product found: Tiramisu Cake (ID: 6)
2025-12-03T00:28:47.927+05:30  INFO 7004 --- [The-Home-Bakery] [http-nio-8082-exec-6] c.t.bakery.controller.ProductController  : Product retrieved successfully: Tiramisu Cake
2025-12-03T00:30:02.433+05:30  INFO 7004 --- [The-Home-Bakery] [http-nio-8082-exec-8] c.t.bakery.controller.SnacksController   : Fetching all snacks - page: 0, size: 10
2025-12-03T00:30:02.553+05:30  INFO 7004 --- [The-Home-Bakery] [http-nio-8082-exec-4] c.thb.bakery.controller.CartController   : Get cart request received for userId: 2
2025-12-03T00:30:02.556+05:30  INFO 7004 --- [The-Home-Bakery] [http-nio-8082-exec-4] c.thb.bakery.controller.CartController   : Successfully retrieved 0 cart items for userId: 2
2025-12-03T00:30:02.563+05:30  INFO 7004 --- [The-Home-Bakery] [http-nio-8082-exec-6] c.t.bakery.controller.SnacksController   : Fetching image for ID: 1
2025-12-03T00:30:02.566+05:30  INFO 7004 --- [The-Home-Bakery] [http-nio-8082-exec-7] c.t.bakery.controller.SnacksController   : Fetching image for ID: 2
2025-12-03T00:30:02.569+05:30  INFO 7004 --- [The-Home-Bakery] [http-nio-8082-exec-3] c.t.bakery.controller.SnacksController   : Fetching image for ID: 5
2025-12-03T00:30:02.644+05:30  INFO 7004 --- [The-Home-Bakery] [http-nio-8082-exec-10] c.t.bakery.controller.ProductController  : Fetching all products - page: 0, size: 1000
2025-12-03T00:30:02.645+05:30  INFO 7004 --- [The-Home-Bakery] [http-nio-8082-exec-10] c.t.b.s.serviceImpl.ProductServiceImpl   : Fetching products with pagination - page: 0, size: 1000
2025-12-03T00:30:02.645+05:30  INFO 7004 --- [The-Home-Bakery] [http-nio-8082-exec-2] c.t.bakery.controller.SnacksController   : Fetching all snacks - page: 0, size: 10
2025-12-03T00:30:02.650+05:30  INFO 7004 --- [The-Home-Bakery] [http-nio-8082-exec-10] c.t.b.s.serviceImpl.ProductServiceImpl   : Retrieved page 1 of 1 with 4 products out of 4 total
2025-12-03T00:30:02.678+05:30  INFO 7004 --- [The-Home-Bakery] [http-nio-8082-exec-10] c.t.bakery.controller.ProductController  : Retrieved 4 products out of 4 total
2025-12-03T00:30:02.778+05:30  INFO 7004 --- [The-Home-Bakery] [http-nio-8082-exec-5] c.t.bakery.controller.ProductController  : Fetching image for product ID: 1
2025-12-03T00:30:02.784+05:30  INFO 7004 --- [The-Home-Bakery] [http-nio-8082-exec-1] c.t.bakery.controller.ProductController  : Fetching image for product ID: 2
2025-12-03T00:30:02.786+05:30  INFO 7004 --- [The-Home-Bakery] [http-nio-8082-exec-5] c.t.bakery.controller.ProductController  : Fetching image for product ID: 3
2025-12-03T00:30:02.793+05:30  INFO 7004 --- [The-Home-Bakery] [http-nio-8082-exec-8] c.t.bakery.controller.ProductController  : Fetching image for product ID: 6
2025-12-03T00:30:18.323+05:30  INFO 7004 --- [The-Home-Bakery] [http-nio-8082-exec-6] c.t.bakery.controller.SnacksController   : Fetching all snacks - page: 0, size: 10
2025-12-03T00:30:18.373+05:30  INFO 7004 --- [The-Home-Bakery] [http-nio-8082-exec-7] c.thb.bakery.controller.CartController   : Get cart request received for userId: 2
2025-12-03T00:30:18.377+05:30  INFO 7004 --- [The-Home-Bakery] [http-nio-8082-exec-7] c.thb.bakery.controller.CartController   : Successfully retrieved 0 cart items for userId: 2
2025-12-03T00:30:18.409+05:30  INFO 7004 --- [The-Home-Bakery] [http-nio-8082-exec-3] c.t.bakery.controller.SnacksController   : Fetching image for ID: 1
2025-12-03T00:30:18.414+05:30  INFO 7004 --- [The-Home-Bakery] [http-nio-8082-exec-2] c.t.bakery.controller.SnacksController   : Fetching image for ID: 5
2025-12-03T00:30:18.415+05:30  INFO 7004 --- [The-Home-Bakery] [http-nio-8082-exec-9] c.t.bakery.controller.SnacksController   : Fetching image for ID: 2
2025-12-03T00:30:18.483+05:30  INFO 7004 --- [The-Home-Bakery] [http-nio-8082-exec-1] c.t.bakery.controller.ProductController  : Fetching all products - page: 0, size: 1000
2025-12-03T00:30:18.483+05:30  INFO 7004 --- [The-Home-Bakery] [http-nio-8082-exec-5] c.t.bakery.controller.SnacksController   : Fetching all snacks - page: 0, size: 10
2025-12-03T00:30:18.485+05:30  INFO 7004 --- [The-Home-Bakery] [http-nio-8082-exec-1] c.t.b.s.serviceImpl.ProductServiceImpl   : Fetching products with pagination - page: 0, size: 1000
2025-12-03T00:30:18.492+05:30  INFO 7004 --- [The-Home-Bakery] [http-nio-8082-exec-1] c.t.b.s.serviceImpl.ProductServiceImpl   : Retrieved page 1 of 1 with 4 products out of 4 total
2025-12-03T00:30:18.522+05:30  INFO 7004 --- [The-Home-Bakery] [http-nio-8082-exec-1] c.t.bakery.controller.ProductController  : Retrieved 4 products out of 4 total
2025-12-03T00:30:18.583+05:30  INFO 7004 --- [The-Home-Bakery] [http-nio-8082-exec-4] c.t.bakery.controller.ProductController  : Fetching image for product ID: 1
2025-12-03T00:30:18.585+05:30  INFO 7004 --- [The-Home-Bakery] [http-nio-8082-exec-8] c.t.bakery.controller.ProductController  : Fetching image for product ID: 2
2025-12-03T00:30:18.589+05:30  INFO 7004 --- [The-Home-Bakery] [http-nio-8082-exec-6] c.t.bakery.controller.ProductController  : Fetching image for product ID: 3
2025-12-03T00:30:18.589+05:30  INFO 7004 --- [The-Home-Bakery] [http-nio-8082-exec-7] c.t.bakery.controller.ProductController  : Fetching image for product ID: 6
2025-12-03T00:34:08.686+05:30  INFO 7004 --- [The-Home-Bakery] [http-nio-8082-exec-4] c.t.bakery.controller.SnacksController   : Fetching image for ID: 1
2025-12-03T00:35:18.153+05:30  INFO 7004 --- [The-Home-Bakery] [http-nio-8082-exec-7] c.t.bakery.controller.SnacksController   : Fetching all snacks - page: 0, size: 10
2025-12-03T00:35:18.216+05:30  INFO 7004 --- [The-Home-Bakery] [http-nio-8082-exec-1] c.t.bakery.controller.ProductController  : Fetching all products - page: 0, size: 1000
2025-12-03T00:35:18.217+05:30  INFO 7004 --- [The-Home-Bakery] [http-nio-8082-exec-1] c.t.b.s.serviceImpl.ProductServiceImpl   : Fetching products with pagination - page: 0, size: 1000
2025-12-03T00:35:18.223+05:30  INFO 7004 --- [The-Home-Bakery] [http-nio-8082-exec-1] c.t.b.s.serviceImpl.ProductServiceImpl   : Retrieved page 1 of 1 with 4 products out of 4 total
2025-12-03T00:35:18.245+05:30  INFO 7004 --- [The-Home-Bakery] [http-nio-8082-exec-1] c.t.bakery.controller.ProductController  : Retrieved 4 products out of 4 total
2025-12-03T00:35:18.271+05:30  INFO 7004 --- [The-Home-Bakery] [http-nio-8082-exec-2] c.t.bakery.controller.SnacksController   : Fetching all snacks - page: 0, size: 10
2025-12-03T00:35:18.278+05:30  INFO 7004 --- [The-Home-Bakery] [http-nio-8082-exec-9] c.thb.bakery.controller.CartController   : Get cart request received for userId: 2
2025-12-03T00:35:18.280+05:30  INFO 7004 --- [The-Home-Bakery] [http-nio-8082-exec-9] c.thb.bakery.controller.CartController   : Successfully retrieved 0 cart items for userId: 2
2025-12-03T00:35:18.343+05:30  INFO 7004 --- [The-Home-Bakery] [http-nio-8082-exec-3] c.t.bakery.controller.SnacksController   : Fetching image for ID: 1
2025-12-03T00:35:18.353+05:30  INFO 7004 --- [The-Home-Bakery] [http-nio-8082-exec-10] c.t.bakery.controller.SnacksController   : Fetching image for ID: 2
2025-12-03T00:35:18.355+05:30  INFO 7004 --- [The-Home-Bakery] [http-nio-8082-exec-5] c.t.bakery.controller.SnacksController   : Fetching image for ID: 5
2025-12-03T00:35:18.391+05:30  INFO 7004 --- [The-Home-Bakery] [http-nio-8082-exec-8] c.t.bakery.controller.ProductController  : Fetching image for product ID: 1
2025-12-03T00:35:18.410+05:30  INFO 7004 --- [The-Home-Bakery] [http-nio-8082-exec-6] c.t.bakery.controller.ProductController  : Fetching image for product ID: 2
2025-12-03T00:35:18.411+05:30  INFO 7004 --- [The-Home-Bakery] [http-nio-8082-exec-7] c.t.bakery.controller.ProductController  : Fetching image for product ID: 3
2025-12-03T00:35:18.466+05:30  INFO 7004 --- [The-Home-Bakery] [http-nio-8082-exec-1] c.t.bakery.controller.ProductController  : Fetching image for product ID: 6
2025-12-03T00:36:01.097+05:30  INFO 7004 --- [The-Home-Bakery] [http-nio-8082-exec-2] c.t.bakery.controller.SnacksController   : Fetching all snacks - page: 0, size: 10
2025-12-03T00:36:01.160+05:30  INFO 7004 --- [The-Home-Bakery] [http-nio-8082-exec-9] c.thb.bakery.controller.CartController   : Get cart request received for userId: 2
2025-12-03T00:36:01.164+05:30  INFO 7004 --- [The-Home-Bakery] [http-nio-8082-exec-9] c.thb.bakery.controller.CartController   : Successfully retrieved 0 cart items for userId: 2
2025-12-03T00:36:01.214+05:30  INFO 7004 --- [The-Home-Bakery] [http-nio-8082-exec-3] c.t.bakery.controller.SnacksController   : Fetching image for ID: 1
2025-12-03T00:36:01.221+05:30  INFO 7004 --- [The-Home-Bakery] [http-nio-8082-exec-5] c.t.bakery.controller.SnacksController   : Fetching image for ID: 5
2025-12-03T00:36:01.222+05:30  INFO 7004 --- [The-Home-Bakery] [http-nio-8082-exec-10] c.t.bakery.controller.SnacksController   : Fetching image for ID: 2
2025-12-03T00:36:01.620+05:30  INFO 7004 --- [The-Home-Bakery] [http-nio-8082-exec-4] c.t.bakery.controller.ProductController  : Fetching all products - page: 0, size: 1000
2025-12-03T00:36:01.621+05:30  INFO 7004 --- [The-Home-Bakery] [http-nio-8082-exec-4] c.t.b.s.serviceImpl.ProductServiceImpl   : Fetching products with pagination - page: 0, size: 1000
2025-12-03T00:36:01.629+05:30  INFO 7004 --- [The-Home-Bakery] [http-nio-8082-exec-4] c.t.b.s.serviceImpl.ProductServiceImpl   : Retrieved page 1 of 1 with 4 products out of 4 total
2025-12-03T00:36:01.654+05:30  INFO 7004 --- [The-Home-Bakery] [http-nio-8082-exec-7] c.t.bakery.controller.SnacksController   : Fetching all snacks - page: 0, size: 10
2025-12-03T00:36:01.656+05:30  INFO 7004 --- [The-Home-Bakery] [http-nio-8082-exec-4] c.t.bakery.controller.ProductController  : Retrieved 4 products out of 4 total
2025-12-03T00:36:01.730+05:30 ERROR 7004 --- [The-Home-Bakery] [http-nio-8082-exec-6] c.t.b.C.GlobalExceptionHandler           : Unexpected error occurred: No static resource undefined.

org.springframework.web.servlet.resource.NoResourceFoundException: No static resource undefined.
	at org.springframework.web.servlet.resource.ResourceHttpRequestHandler.handleRequest(ResourceHttpRequestHandler.java:585) ~[spring-webmvc-6.2.10.jar:6.2.10]
	at org.springframework.web.servlet.mvc.HttpRequestHandlerAdapter.handle(HttpRequestHandlerAdapter.java:52) ~[spring-webmvc-6.2.10.jar:6.2.10]
	at org.springframework.web.servlet.DispatcherServlet.doDispatch(DispatcherServlet.java:1089) ~[spring-webmvc-6.2.10.jar:6.2.10]
	at org.springframework.web.servlet.DispatcherServlet.doService(DispatcherServlet.java:979) ~[spring-webmvc-6.2.10.jar:6.2.10]
	at org.springframework.web.servlet.FrameworkServlet.processRequest(FrameworkServlet.java:1014) ~[spring-webmvc-6.2.10.jar:6.2.10]
	at org.springframework.web.servlet.FrameworkServlet.doGet(FrameworkServlet.java:903) ~[spring-webmvc-6.2.10.jar:6.2.10]
	at jakarta.servlet.http.HttpServlet.service(HttpServlet.java:564) ~[tomcat-embed-core-10.1.44.jar:6.0]
	at org.springframework.web.servlet.FrameworkServlet.service(FrameworkServlet.java:885) ~[spring-webmvc-6.2.10.jar:6.2.10]
	at jakarta.servlet.http.HttpServlet.service(HttpServlet.java:658) ~[tomcat-embed-core-10.1.44.jar:6.0]
	at org.apache.catalina.core.ApplicationFilterChain.internalDoFilter(ApplicationFilterChain.java:195) ~[tomcat-embed-core-10.1.44.jar:10.1.44]
	at org.apache.catalina.core.ApplicationFilterChain.doFilter(ApplicationFilterChain.java:140) ~[tomcat-embed-core-10.1.44.jar:10.1.44]
	at org.apache.tomcat.websocket.server.WsFilter.doFilter(WsFilter.java:51) ~[tomcat-embed-websocket-10.1.44.jar:10.1.44]
	at org.apache.catalina.core.ApplicationFilterChain.internalDoFilter(ApplicationFilterChain.java:164) ~[tomcat-embed-core-10.1.44.jar:10.1.44]
	at org.apache.catalina.core.ApplicationFilterChain.doFilter(ApplicationFilterChain.java:140) ~[tomcat-embed-core-10.1.44.jar:10.1.44]
	at org.springframework.web.filter.RequestContextFilter.doFilterInternal(RequestContextFilter.java:100) ~[spring-web-6.2.10.jar:6.2.10]
	at org.springframework.web.filter.OncePerRequestFilter.doFilter(OncePerRequestFilter.java:116) ~[spring-web-6.2.10.jar:6.2.10]
	at org.apache.catalina.core.ApplicationFilterChain.internalDoFilter(ApplicationFilterChain.java:164) ~[tomcat-embed-core-10.1.44.jar:10.1.44]
	at org.apache.catalina.core.ApplicationFilterChain.doFilter(ApplicationFilterChain.java:140) ~[tomcat-embed-core-10.1.44.jar:10.1.44]
	at org.springframework.web.filter.FormContentFilter.doFilterInternal(FormContentFilter.java:93) ~[spring-web-6.2.10.jar:6.2.10]
	at org.springframework.web.filter.OncePerRequestFilter.doFilter(OncePerRequestFilter.java:116) ~[spring-web-6.2.10.jar:6.2.10]
	at org.apache.catalina.core.ApplicationFilterChain.internalDoFilter(ApplicationFilterChain.java:164) ~[tomcat-embed-core-10.1.44.jar:10.1.44]
	at org.apache.catalina.core.ApplicationFilterChain.doFilter(ApplicationFilterChain.java:140) ~[tomcat-embed-core-10.1.44.jar:10.1.44]
	at org.springframework.web.filter.CharacterEncodingFilter.doFilterInternal(CharacterEncodingFilter.java:201) ~[spring-web-6.2.10.jar:6.2.10]
	at org.springframework.web.filter.OncePerRequestFilter.doFilter(OncePerRequestFilter.java:116) ~[spring-web-6.2.10.jar:6.2.10]
	at org.apache.catalina.core.ApplicationFilterChain.internalDoFilter(ApplicationFilterChain.java:164) ~[tomcat-embed-core-10.1.44.jar:10.1.44]
	at org.apache.catalina.core.ApplicationFilterChain.doFilter(ApplicationFilterChain.java:140) ~[tomcat-embed-core-10.1.44.jar:10.1.44]
	at org.apache.catalina.core.StandardWrapperValve.invoke(StandardWrapperValve.java:167) ~[tomcat-embed-core-10.1.44.jar:10.1.44]
	at org.apache.catalina.core.StandardContextValve.invoke(StandardContextValve.java:90) ~[tomcat-embed-core-10.1.44.jar:10.1.44]
	at org.apache.catalina.authenticator.AuthenticatorBase.invoke(AuthenticatorBase.java:483) ~[tomcat-embed-core-10.1.44.jar:10.1.44]
	at org.apache.catalina.core.StandardHostValve.invoke(StandardHostValve.java:116) ~[tomcat-embed-core-10.1.44.jar:10.1.44]
	at org.apache.catalina.valves.ErrorReportValve.invoke(ErrorReportValve.java:93) ~[tomcat-embed-core-10.1.44.jar:10.1.44]
	at org.apache.catalina.core.StandardEngineValve.invoke(StandardEngineValve.java:74) ~[tomcat-embed-core-10.1.44.jar:10.1.44]
	at org.apache.catalina.connector.CoyoteAdapter.service(CoyoteAdapter.java:344) ~[tomcat-embed-core-10.1.44.jar:10.1.44]
	at org.apache.coyote.http11.Http11Processor.service(Http11Processor.java:398) ~[tomcat-embed-core-10.1.44.jar:10.1.44]
	at org.apache.coyote.AbstractProcessorLight.process(AbstractProcessorLight.java:63) ~[tomcat-embed-core-10.1.44.jar:10.1.44]
	at org.apache.coyote.AbstractProtocol$ConnectionHandler.process(AbstractProtocol.java:903) ~[tomcat-embed-core-10.1.44.jar:10.1.44]
	at org.apache.tomcat.util.net.NioEndpoint$SocketProcessor.doRun(NioEndpoint.java:1769) ~[tomcat-embed-core-10.1.44.jar:10.1.44]
	at org.apache.tomcat.util.net.SocketProcessorBase.run(SocketProcessorBase.java:52) ~[tomcat-embed-core-10.1.44.jar:10.1.44]
	at org.apache.tomcat.util.threads.ThreadPoolExecutor.runWorker(ThreadPoolExecutor.java:1189) ~[tomcat-embed-core-10.1.44.jar:10.1.44]
	at org.apache.tomcat.util.threads.ThreadPoolExecutor$Worker.run(ThreadPoolExecutor.java:658) ~[tomcat-embed-core-10.1.44.jar:10.1.44]
	at org.apache.tomcat.util.threads.TaskThread$WrappingRunnable.run(TaskThread.java:63) ~[tomcat-embed-core-10.1.44.jar:10.1.44]
	at java.base/java.lang.Thread.run(Thread.java:1447) ~[na:na]

2025-12-03T00:36:01.780+05:30  WARN 7004 --- [The-Home-Bakery] [http-nio-8082-exec-6] .m.m.a.ExceptionHandlerExceptionResolver : Resolved [org.springframework.web.servlet.resource.NoResourceFoundException: No static resource undefined.]
2025-12-03T00:36:01.787+05:30  INFO 7004 --- [The-Home-Bakery] [http-nio-8082-exec-1] c.t.bakery.controller.ProductController  : Fetching image for product ID: 1
2025-12-03T00:36:01.793+05:30  INFO 7004 --- [The-Home-Bakery] [http-nio-8082-exec-9] c.t.bakery.controller.ProductController  : Fetching image for product ID: 3
2025-12-03T00:36:01.793+05:30  INFO 7004 --- [The-Home-Bakery] [http-nio-8082-exec-2] c.t.bakery.controller.ProductController  : Fetching image for product ID: 2
2025-12-03T00:36:01.801+05:30  INFO 7004 --- [The-Home-Bakery] [http-nio-8082-exec-3] c.t.bakery.controller.ProductController  : Fetching image for product ID: 6
2025-12-03T00:36:02.621+05:30  INFO 7004 --- [The-Home-Bakery] [http-nio-8082-exec-10] c.t.bakery.controller.SnacksController   : Fetching all snacks - page: 0, size: 10
2025-12-03T00:36:02.664+05:30  INFO 7004 --- [The-Home-Bakery] [http-nio-8082-exec-5] c.thb.bakery.controller.CartController   : Get cart request received for userId: 2
2025-12-03T00:36:02.667+05:30  INFO 7004 --- [The-Home-Bakery] [http-nio-8082-exec-5] c.thb.bakery.controller.CartController   : Successfully retrieved 0 cart items for userId: 2
2025-12-03T00:36:02.687+05:30  INFO 7004 --- [The-Home-Bakery] [http-nio-8082-exec-4] c.t.bakery.controller.SnacksController   : Fetching image for ID: 2
2025-12-03T00:36:02.687+05:30  INFO 7004 --- [The-Home-Bakery] [http-nio-8082-exec-7] c.t.bakery.controller.SnacksController   : Fetching image for ID: 5
2025-12-03T00:36:02.687+05:30  INFO 7004 --- [The-Home-Bakery] [http-nio-8082-exec-8] c.t.bakery.controller.SnacksController   : Fetching image for ID: 1
2025-12-03T00:36:02.724+05:30  INFO 7004 --- [The-Home-Bakery] [http-nio-8082-exec-6] c.t.bakery.controller.ProductController  : Fetching all products - page: 0, size: 1000
2025-12-03T00:36:02.724+05:30  INFO 7004 --- [The-Home-Bakery] [http-nio-8082-exec-1] c.t.bakery.controller.SnacksController   : Fetching all snacks - page: 0, size: 10
2025-12-03T00:36:02.725+05:30  INFO 7004 --- [The-Home-Bakery] [http-nio-8082-exec-6] c.t.b.s.serviceImpl.ProductServiceImpl   : Fetching products with pagination - page: 0, size: 1000
2025-12-03T00:36:02.734+05:30  INFO 7004 --- [The-Home-Bakery] [http-nio-8082-exec-6] c.t.b.s.serviceImpl.ProductServiceImpl   : Retrieved page 1 of 1 with 4 products out of 4 total
2025-12-03T00:36:02.756+05:30  INFO 7004 --- [The-Home-Bakery] [http-nio-8082-exec-6] c.t.bakery.controller.ProductController  : Retrieved 4 products out of 4 total
2025-12-03T00:36:02.774+05:30 ERROR 7004 --- [The-Home-Bakery] [http-nio-8082-exec-2] c.t.b.C.GlobalExceptionHandler           : Unexpected error occurred: No static resource undefined.

org.springframework.web.servlet.resource.NoResourceFoundException: No static resource undefined.
	at org.springframework.web.servlet.resource.ResourceHttpRequestHandler.handleRequest(ResourceHttpRequestHandler.java:585) ~[spring-webmvc-6.2.10.jar:6.2.10]
	at org.springframework.web.servlet.mvc.HttpRequestHandlerAdapter.handle(HttpRequestHandlerAdapter.java:52) ~[spring-webmvc-6.2.10.jar:6.2.10]
	at org.springframework.web.servlet.DispatcherServlet.doDispatch(DispatcherServlet.java:1089) ~[spring-webmvc-6.2.10.jar:6.2.10]
	at org.springframework.web.servlet.DispatcherServlet.doService(DispatcherServlet.java:979) ~[spring-webmvc-6.2.10.jar:6.2.10]
	at org.springframework.web.servlet.FrameworkServlet.processRequest(FrameworkServlet.java:1014) ~[spring-webmvc-6.2.10.jar:6.2.10]
	at org.springframework.web.servlet.FrameworkServlet.doGet(FrameworkServlet.java:903) ~[spring-webmvc-6.2.10.jar:6.2.10]
	at jakarta.servlet.http.HttpServlet.service(HttpServlet.java:564) ~[tomcat-embed-core-10.1.44.jar:6.0]
	at org.springframework.web.servlet.FrameworkServlet.service(FrameworkServlet.java:885) ~[spring-webmvc-6.2.10.jar:6.2.10]
	at jakarta.servlet.http.HttpServlet.service(HttpServlet.java:658) ~[tomcat-embed-core-10.1.44.jar:6.0]
	at org.apache.catalina.core.ApplicationFilterChain.internalDoFilter(ApplicationFilterChain.java:195) ~[tomcat-embed-core-10.1.44.jar:10.1.44]
	at org.apache.catalina.core.ApplicationFilterChain.doFilter(ApplicationFilterChain.java:140) ~[tomcat-embed-core-10.1.44.jar:10.1.44]
	at org.apache.tomcat.websocket.server.WsFilter.doFilter(WsFilter.java:51) ~[tomcat-embed-websocket-10.1.44.jar:10.1.44]
	at org.apache.catalina.core.ApplicationFilterChain.internalDoFilter(ApplicationFilterChain.java:164) ~[tomcat-embed-core-10.1.44.jar:10.1.44]
	at org.apache.catalina.core.ApplicationFilterChain.doFilter(ApplicationFilterChain.java:140) ~[tomcat-embed-core-10.1.44.jar:10.1.44]
	at org.springframework.web.filter.RequestContextFilter.doFilterInternal(RequestContextFilter.java:100) ~[spring-web-6.2.10.jar:6.2.10]
	at org.springframework.web.filter.OncePerRequestFilter.doFilter(OncePerRequestFilter.java:116) ~[spring-web-6.2.10.jar:6.2.10]
	at org.apache.catalina.core.ApplicationFilterChain.internalDoFilter(ApplicationFilterChain.java:164) ~[tomcat-embed-core-10.1.44.jar:10.1.44]
	at org.apache.catalina.core.ApplicationFilterChain.doFilter(ApplicationFilterChain.java:140) ~[tomcat-embed-core-10.1.44.jar:10.1.44]
	at org.springframework.web.filter.FormContentFilter.doFilterInternal(FormContentFilter.java:93) ~[spring-web-6.2.10.jar:6.2.10]
	at org.springframework.web.filter.OncePerRequestFilter.doFilter(OncePerRequestFilter.java:116) ~[spring-web-6.2.10.jar:6.2.10]
	at org.apache.catalina.core.ApplicationFilterChain.internalDoFilter(ApplicationFilterChain.java:164) ~[tomcat-embed-core-10.1.44.jar:10.1.44]
	at org.apache.catalina.core.ApplicationFilterChain.doFilter(ApplicationFilterChain.java:140) ~[tomcat-embed-core-10.1.44.jar:10.1.44]
	at org.springframework.web.filter.CharacterEncodingFilter.doFilterInternal(CharacterEncodingFilter.java:201) ~[spring-web-6.2.10.jar:6.2.10]
	at org.springframework.web.filter.OncePerRequestFilter.doFilter(OncePerRequestFilter.java:116) ~[spring-web-6.2.10.jar:6.2.10]
	at org.apache.catalina.core.ApplicationFilterChain.internalDoFilter(ApplicationFilterChain.java:164) ~[tomcat-embed-core-10.1.44.jar:10.1.44]
	at org.apache.catalina.core.ApplicationFilterChain.doFilter(ApplicationFilterChain.java:140) ~[tomcat-embed-core-10.1.44.jar:10.1.44]
	at org.apache.catalina.core.StandardWrapperValve.invoke(StandardWrapperValve.java:167) ~[tomcat-embed-core-10.1.44.jar:10.1.44]
	at org.apache.catalina.core.StandardContextValve.invoke(StandardContextValve.java:90) ~[tomcat-embed-core-10.1.44.jar:10.1.44]
	at org.apache.catalina.authenticator.AuthenticatorBase.invoke(AuthenticatorBase.java:483) ~[tomcat-embed-core-10.1.44.jar:10.1.44]
	at org.apache.catalina.core.StandardHostValve.invoke(StandardHostValve.java:116) ~[tomcat-embed-core-10.1.44.jar:10.1.44]
	at org.apache.catalina.valves.ErrorReportValve.invoke(ErrorReportValve.java:93) ~[tomcat-embed-core-10.1.44.jar:10.1.44]
	at org.apache.catalina.core.StandardEngineValve.invoke(StandardEngineValve.java:74) ~[tomcat-embed-core-10.1.44.jar:10.1.44]
	at org.apache.catalina.connector.CoyoteAdapter.service(CoyoteAdapter.java:344) ~[tomcat-embed-core-10.1.44.jar:10.1.44]
	at org.apache.coyote.http11.Http11Processor.service(Http11Processor.java:398) ~[tomcat-embed-core-10.1.44.jar:10.1.44]
	at org.apache.coyote.AbstractProcessorLight.process(AbstractProcessorLight.java:63) ~[tomcat-embed-core-10.1.44.jar:10.1.44]
	at org.apache.coyote.AbstractProtocol$ConnectionHandler.process(AbstractProtocol.java:903) ~[tomcat-embed-core-10.1.44.jar:10.1.44]
	at org.apache.tomcat.util.net.NioEndpoint$SocketProcessor.doRun(NioEndpoint.java:1769) ~[tomcat-embed-core-10.1.44.jar:10.1.44]
	at org.apache.tomcat.util.net.SocketProcessorBase.run(SocketProcessorBase.java:52) ~[tomcat-embed-core-10.1.44.jar:10.1.44]
	at org.apache.tomcat.util.threads.ThreadPoolExecutor.runWorker(ThreadPoolExecutor.java:1189) ~[tomcat-embed-core-10.1.44.jar:10.1.44]
	at org.apache.tomcat.util.threads.ThreadPoolExecutor$Worker.run(ThreadPoolExecutor.java:658) ~[tomcat-embed-core-10.1.44.jar:10.1.44]
	at org.apache.tomcat.util.threads.TaskThread$WrappingRunnable.run(TaskThread.java:63) ~[tomcat-embed-core-10.1.44.jar:10.1.44]
	at java.base/java.lang.Thread.run(Thread.java:1447) ~[na:na]

2025-12-03T00:36:02.777+05:30  WARN 7004 --- [The-Home-Bakery] [http-nio-8082-exec-2] .m.m.a.ExceptionHandlerExceptionResolver : Resolved [org.springframework.web.servlet.resource.NoResourceFoundException: No static resource undefined.]
2025-12-03T00:36:02.826+05:30  INFO 7004 --- [The-Home-Bakery] [http-nio-8082-exec-10] c.t.bakery.controller.ProductController  : Fetching image for product ID: 2
2025-12-03T00:36:02.826+05:30  INFO 7004 --- [The-Home-Bakery] [http-nio-8082-exec-3] c.t.bakery.controller.ProductController  : Fetching image for product ID: 1
2025-12-03T00:36:02.828+05:30  INFO 7004 --- [The-Home-Bakery] [http-nio-8082-exec-5] c.t.bakery.controller.ProductController  : Fetching image for product ID: 3
2025-12-03T00:36:02.828+05:30  INFO 7004 --- [The-Home-Bakery] [http-nio-8082-exec-4] c.t.bakery.controller.ProductController  : Fetching image for product ID: 6
2025-12-03T00:36:24.088+05:30  INFO 7004 --- [The-Home-Bakery] [http-nio-8082-exec-8] c.t.bakery.controller.ProductController  : Fetching all products - page: 0, size: 1000
2025-12-03T00:36:24.090+05:30  INFO 7004 --- [The-Home-Bakery] [http-nio-8082-exec-8] c.t.b.s.serviceImpl.ProductServiceImpl   : Fetching products with pagination - page: 0, size: 1000
2025-12-03T00:36:24.099+05:30  INFO 7004 --- [The-Home-Bakery] [http-nio-8082-exec-8] c.t.b.s.serviceImpl.ProductServiceImpl   : Retrieved page 1 of 1 with 4 products out of 4 total
2025-12-03T00:36:24.108+05:30  INFO 7004 --- [The-Home-Bakery] [http-nio-8082-exec-1] c.t.bakery.controller.SnacksController   : Fetching all snacks - page: 0, size: 10
2025-12-03T00:36:24.124+05:30  INFO 7004 --- [The-Home-Bakery] [http-nio-8082-exec-8] c.t.bakery.controller.ProductController  : Retrieved 4 products out of 4 total
2025-12-03T00:36:24.145+05:30  INFO 7004 --- [The-Home-Bakery] [http-nio-8082-exec-6] c.t.bakery.controller.SnacksController   : Fetching all snacks - page: 0, size: 10
2025-12-03T00:36:24.166+05:30 ERROR 7004 --- [The-Home-Bakery] [http-nio-8082-exec-9] c.t.b.C.GlobalExceptionHandler           : Unexpected error occurred: No static resource api/v1/snacks/1/image.

org.springframework.web.servlet.resource.NoResourceFoundException: No static resource api/v1/snacks/1/image.
	at org.springframework.web.servlet.resource.ResourceHttpRequestHandler.handleRequest(ResourceHttpRequestHandler.java:585) ~[spring-webmvc-6.2.10.jar:6.2.10]
	at org.springframework.web.servlet.mvc.HttpRequestHandlerAdapter.handle(HttpRequestHandlerAdapter.java:52) ~[spring-webmvc-6.2.10.jar:6.2.10]
	at org.springframework.web.servlet.DispatcherServlet.doDispatch(DispatcherServlet.java:1089) ~[spring-webmvc-6.2.10.jar:6.2.10]
	at org.springframework.web.servlet.DispatcherServlet.doService(DispatcherServlet.java:979) ~[spring-webmvc-6.2.10.jar:6.2.10]
	at org.springframework.web.servlet.FrameworkServlet.processRequest(FrameworkServlet.java:1014) ~[spring-webmvc-6.2.10.jar:6.2.10]
	at org.springframework.web.servlet.FrameworkServlet.doGet(FrameworkServlet.java:903) ~[spring-webmvc-6.2.10.jar:6.2.10]
	at jakarta.servlet.http.HttpServlet.service(HttpServlet.java:564) ~[tomcat-embed-core-10.1.44.jar:6.0]
	at org.springframework.web.servlet.FrameworkServlet.service(FrameworkServlet.java:885) ~[spring-webmvc-6.2.10.jar:6.2.10]
	at jakarta.servlet.http.HttpServlet.service(HttpServlet.java:658) ~[tomcat-embed-core-10.1.44.jar:6.0]
	at org.apache.catalina.core.ApplicationFilterChain.internalDoFilter(ApplicationFilterChain.java:195) ~[tomcat-embed-core-10.1.44.jar:10.1.44]
	at org.apache.catalina.core.ApplicationFilterChain.doFilter(ApplicationFilterChain.java:140) ~[tomcat-embed-core-10.1.44.jar:10.1.44]
	at org.apache.tomcat.websocket.server.WsFilter.doFilter(WsFilter.java:51) ~[tomcat-embed-websocket-10.1.44.jar:10.1.44]
	at org.apache.catalina.core.ApplicationFilterChain.internalDoFilter(ApplicationFilterChain.java:164) ~[tomcat-embed-core-10.1.44.jar:10.1.44]
	at org.apache.catalina.core.ApplicationFilterChain.doFilter(ApplicationFilterChain.java:140) ~[tomcat-embed-core-10.1.44.jar:10.1.44]
	at org.springframework.web.filter.RequestContextFilter.doFilterInternal(RequestContextFilter.java:100) ~[spring-web-6.2.10.jar:6.2.10]
	at org.springframework.web.filter.OncePerRequestFilter.doFilter(OncePerRequestFilter.java:116) ~[spring-web-6.2.10.jar:6.2.10]
	at org.apache.catalina.core.ApplicationFilterChain.internalDoFilter(ApplicationFilterChain.java:164) ~[tomcat-embed-core-10.1.44.jar:10.1.44]
	at org.apache.catalina.core.ApplicationFilterChain.doFilter(ApplicationFilterChain.java:140) ~[tomcat-embed-core-10.1.44.jar:10.1.44]
	at org.springframework.web.filter.FormContentFilter.doFilterInternal(FormContentFilter.java:93) ~[spring-web-6.2.10.jar:6.2.10]
	at org.springframework.web.filter.OncePerRequestFilter.doFilter(OncePerRequestFilter.java:116) ~[spring-web-6.2.10.jar:6.2.10]
	at org.apache.catalina.core.ApplicationFilterChain.internalDoFilter(ApplicationFilterChain.java:164) ~[tomcat-embed-core-10.1.44.jar:10.1.44]
	at org.apache.catalina.core.ApplicationFilterChain.doFilter(ApplicationFilterChain.java:140) ~[tomcat-embed-core-10.1.44.jar:10.1.44]
	at org.springframework.web.filter.CharacterEncodingFilter.doFilterInternal(CharacterEncodingFilter.java:201) ~[spring-web-6.2.10.jar:6.2.10]
	at org.springframework.web.filter.OncePerRequestFilter.doFilter(OncePerRequestFilter.java:116) ~[spring-web-6.2.10.jar:6.2.10]
	at org.apache.catalina.core.ApplicationFilterChain.internalDoFilter(ApplicationFilterChain.java:164) ~[tomcat-embed-core-10.1.44.jar:10.1.44]
	at org.apache.catalina.core.ApplicationFilterChain.doFilter(ApplicationFilterChain.java:140) ~[tomcat-embed-core-10.1.44.jar:10.1.44]
	at org.apache.catalina.core.StandardWrapperValve.invoke(StandardWrapperValve.java:167) ~[tomcat-embed-core-10.1.44.jar:10.1.44]
	at org.apache.catalina.core.StandardContextValve.invoke(StandardContextValve.java:90) ~[tomcat-embed-core-10.1.44.jar:10.1.44]
	at org.apache.catalina.authenticator.AuthenticatorBase.invoke(AuthenticatorBase.java:483) ~[tomcat-embed-core-10.1.44.jar:10.1.44]
	at org.apache.catalina.core.StandardHostValve.invoke(StandardHostValve.java:116) ~[tomcat-embed-core-10.1.44.jar:10.1.44]
	at org.apache.catalina.valves.ErrorReportValve.invoke(ErrorReportValve.java:93) ~[tomcat-embed-core-10.1.44.jar:10.1.44]
	at org.apache.catalina.core.StandardEngineValve.invoke(StandardEngineValve.java:74) ~[tomcat-embed-core-10.1.44.jar:10.1.44]
	at org.apache.catalina.connector.CoyoteAdapter.service(CoyoteAdapter.java:344) ~[tomcat-embed-core-10.1.44.jar:10.1.44]
	at org.apache.coyote.http11.Http11Processor.service(Http11Processor.java:398) ~[tomcat-embed-core-10.1.44.jar:10.1.44]
	at org.apache.coyote.AbstractProcessorLight.process(AbstractProcessorLight.java:63) ~[tomcat-embed-core-10.1.44.jar:10.1.44]
	at org.apache.coyote.AbstractProtocol$ConnectionHandler.process(AbstractProtocol.java:903) ~[tomcat-embed-core-10.1.44.jar:10.1.44]
	at org.apache.tomcat.util.net.NioEndpoint$SocketProcessor.doRun(NioEndpoint.java:1769) ~[tomcat-embed-core-10.1.44.jar:10.1.44]
	at org.apache.tomcat.util.net.SocketProcessorBase.run(SocketProcessorBase.java:52) ~[tomcat-embed-core-10.1.44.jar:10.1.44]
	at org.apache.tomcat.util.threads.ThreadPoolExecutor.runWorker(ThreadPoolExecutor.java:1189) ~[tomcat-embed-core-10.1.44.jar:10.1.44]
	at org.apache.tomcat.util.threads.ThreadPoolExecutor$Worker.run(ThreadPoolExecutor.java:658) ~[tomcat-embed-core-10.1.44.jar:10.1.44]
	at org.apache.tomcat.util.threads.TaskThread$WrappingRunnable.run(TaskThread.java:63) ~[tomcat-embed-core-10.1.44.jar:10.1.44]
	at java.base/java.lang.Thread.run(Thread.java:1447) ~[na:na]

2025-12-03T00:36:24.169+05:30  WARN 7004 --- [The-Home-Bakery] [http-nio-8082-exec-9] .m.m.a.ExceptionHandlerExceptionResolver : Resolved [org.springframework.web.servlet.resource.NoResourceFoundException: No static resource api/v1/snacks/1/image.]
2025-12-03T00:36:24.172+05:30 ERROR 7004 --- [The-Home-Bakery] [http-nio-8082-exec-10] c.t.b.C.GlobalExceptionHandler           : Unexpected error occurred: No static resource api/v1/snacks/5/image.

org.springframework.web.servlet.resource.NoResourceFoundException: No static resource api/v1/snacks/5/image.
	at org.springframework.web.servlet.resource.ResourceHttpRequestHandler.handleRequest(ResourceHttpRequestHandler.java:585) ~[spring-webmvc-6.2.10.jar:6.2.10]
	at org.springframework.web.servlet.mvc.HttpRequestHandlerAdapter.handle(HttpRequestHandlerAdapter.java:52) ~[spring-webmvc-6.2.10.jar:6.2.10]
	at org.springframework.web.servlet.DispatcherServlet.doDispatch(DispatcherServlet.java:1089) ~[spring-webmvc-6.2.10.jar:6.2.10]
	at org.springframework.web.servlet.DispatcherServlet.doService(DispatcherServlet.java:979) ~[spring-webmvc-6.2.10.jar:6.2.10]
	at org.springframework.web.servlet.FrameworkServlet.processRequest(FrameworkServlet.java:1014) ~[spring-webmvc-6.2.10.jar:6.2.10]
	at org.springframework.web.servlet.FrameworkServlet.doGet(FrameworkServlet.java:903) ~[spring-webmvc-6.2.10.jar:6.2.10]
	at jakarta.servlet.http.HttpServlet.service(HttpServlet.java:564) ~[tomcat-embed-core-10.1.44.jar:6.0]
	at org.springframework.web.servlet.FrameworkServlet.service(FrameworkServlet.java:885) ~[spring-webmvc-6.2.10.jar:6.2.10]
	at jakarta.servlet.http.HttpServlet.service(HttpServlet.java:658) ~[tomcat-embed-core-10.1.44.jar:6.0]
	at org.apache.catalina.core.ApplicationFilterChain.internalDoFilter(ApplicationFilterChain.java:195) ~[tomcat-embed-core-10.1.44.jar:10.1.44]
	at org.apache.catalina.core.ApplicationFilterChain.doFilter(ApplicationFilterChain.java:140) ~[tomcat-embed-core-10.1.44.jar:10.1.44]
	at org.apache.tomcat.websocket.server.WsFilter.doFilter(WsFilter.java:51) ~[tomcat-embed-websocket-10.1.44.jar:10.1.44]
	at org.apache.catalina.core.ApplicationFilterChain.internalDoFilter(ApplicationFilterChain.java:164) ~[tomcat-embed-core-10.1.44.jar:10.1.44]
	at org.apache.catalina.core.ApplicationFilterChain.doFilter(ApplicationFilterChain.java:140) ~[tomcat-embed-core-10.1.44.jar:10.1.44]
	at org.springframework.web.filter.RequestContextFilter.doFilterInternal(RequestContextFilter.java:100) ~[spring-web-6.2.10.jar:6.2.10]
	at org.springframework.web.filter.OncePerRequestFilter.doFilter(OncePerRequestFilter.java:116) ~[spring-web-6.2.10.jar:6.2.10]
	at org.apache.catalina.core.ApplicationFilterChain.internalDoFilter(ApplicationFilterChain.java:164) ~[tomcat-embed-core-10.1.44.jar:10.1.44]
	at org.apache.catalina.core.ApplicationFilterChain.doFilter(ApplicationFilterChain.java:140) ~[tomcat-embed-core-10.1.44.jar:10.1.44]
	at org.springframework.web.filter.FormContentFilter.doFilterInternal(FormContentFilter.java:93) ~[spring-web-6.2.10.jar:6.2.10]
	at org.springframework.web.filter.OncePerRequestFilter.doFilter(OncePerRequestFilter.java:116) ~[spring-web-6.2.10.jar:6.2.10]
	at org.apache.catalina.core.ApplicationFilterChain.internalDoFilter(ApplicationFilterChain.java:164) ~[tomcat-embed-core-10.1.44.jar:10.1.44]
	at org.apache.catalina.core.ApplicationFilterChain.doFilter(ApplicationFilterChain.java:140) ~[tomcat-embed-core-10.1.44.jar:10.1.44]
	at org.springframework.web.filter.CharacterEncodingFilter.doFilterInternal(CharacterEncodingFilter.java:201) ~[spring-web-6.2.10.jar:6.2.10]
	at org.springframework.web.filter.OncePerRequestFilter.doFilter(OncePerRequestFilter.java:116) ~[spring-web-6.2.10.jar:6.2.10]
	at org.apache.catalina.core.ApplicationFilterChain.internalDoFilter(ApplicationFilterChain.java:164) ~[tomcat-embed-core-10.1.44.jar:10.1.44]
	at org.apache.catalina.core.ApplicationFilterChain.doFilter(ApplicationFilterChain.java:140) ~[tomcat-embed-core-10.1.44.jar:10.1.44]
	at org.apache.catalina.core.StandardWrapperValve.invoke(StandardWrapperValve.java:167) ~[tomcat-embed-core-10.1.44.jar:10.1.44]
	at org.apache.catalina.core.StandardContextValve.invoke(StandardContextValve.java:90) ~[tomcat-embed-core-10.1.44.jar:10.1.44]
	at org.apache.catalina.authenticator.AuthenticatorBase.invoke(AuthenticatorBase.java:483) ~[tomcat-embed-core-10.1.44.jar:10.1.44]
	at org.apache.catalina.core.StandardHostValve.invoke(StandardHostValve.java:116) ~[tomcat-embed-core-10.1.44.jar:10.1.44]
	at org.apache.catalina.valves.ErrorReportValve.invoke(ErrorReportValve.java:93) ~[tomcat-embed-core-10.1.44.jar:10.1.44]
	at org.apache.catalina.core.StandardEngineValve.invoke(StandardEngineValve.java:74) ~[tomcat-embed-core-10.1.44.jar:10.1.44]
	at org.apache.catalina.connector.CoyoteAdapter.service(CoyoteAdapter.java:344) ~[tomcat-embed-core-10.1.44.jar:10.1.44]
	at org.apache.coyote.http11.Http11Processor.service(Http11Processor.java:398) ~[tomcat-embed-core-10.1.44.jar:10.1.44]
	at org.apache.coyote.AbstractProcessorLight.process(AbstractProcessorLight.java:63) ~[tomcat-embed-core-10.1.44.jar:10.1.44]
	at org.apache.coyote.AbstractProtocol$ConnectionHandler.process(AbstractProtocol.java:903) ~[tomcat-embed-core-10.1.44.jar:10.1.44]
	at org.apache.tomcat.util.net.NioEndpoint$SocketProcessor.doRun(NioEndpoint.java:1769) ~[tomcat-embed-core-10.1.44.jar:10.1.44]
	at org.apache.tomcat.util.net.SocketProcessorBase.run(SocketProcessorBase.java:52) ~[tomcat-embed-core-10.1.44.jar:10.1.44]
	at org.apache.tomcat.util.threads.ThreadPoolExecutor.runWorker(ThreadPoolExecutor.java:1189) ~[tomcat-embed-core-10.1.44.jar:10.1.44]
	at org.apache.tomcat.util.threads.ThreadPoolExecutor$Worker.run(ThreadPoolExecutor.java:658) ~[tomcat-embed-core-10.1.44.jar:10.1.44]
	at org.apache.tomcat.util.threads.TaskThread$WrappingRunnable.run(TaskThread.java:63) ~[tomcat-embed-core-10.1.44.jar:10.1.44]
	at java.base/java.lang.Thread.run(Thread.java:1447) ~[na:na]

2025-12-03T00:36:24.178+05:30  WARN 7004 --- [The-Home-Bakery] [http-nio-8082-exec-10] .m.m.a.ExceptionHandlerExceptionResolver : Resolved [org.springframework.web.servlet.resource.NoResourceFoundException: No static resource api/v1/snacks/5/image.]
2025-12-03T00:36:24.174+05:30 ERROR 7004 --- [The-Home-Bakery] [http-nio-8082-exec-2] c.t.b.C.GlobalExceptionHandler           : Unexpected error occurred: No static resource api/v1/snacks/2/image.

org.springframework.web.servlet.resource.NoResourceFoundException: No static resource api/v1/snacks/2/image.
	at org.springframework.web.servlet.resource.ResourceHttpRequestHandler.handleRequest(ResourceHttpRequestHandler.java:585) ~[spring-webmvc-6.2.10.jar:6.2.10]
	at org.springframework.web.servlet.mvc.HttpRequestHandlerAdapter.handle(HttpRequestHandlerAdapter.java:52) ~[spring-webmvc-6.2.10.jar:6.2.10]
	at org.springframework.web.servlet.DispatcherServlet.doDispatch(DispatcherServlet.java:1089) ~[spring-webmvc-6.2.10.jar:6.2.10]
	at org.springframework.web.servlet.DispatcherServlet.doService(DispatcherServlet.java:979) ~[spring-webmvc-6.2.10.jar:6.2.10]
	at org.springframework.web.servlet.FrameworkServlet.processRequest(FrameworkServlet.java:1014) ~[spring-webmvc-6.2.10.jar:6.2.10]
	at org.springframework.web.servlet.FrameworkServlet.doGet(FrameworkServlet.java:903) ~[spring-webmvc-6.2.10.jar:6.2.10]
	at jakarta.servlet.http.HttpServlet.service(HttpServlet.java:564) ~[tomcat-embed-core-10.1.44.jar:6.0]
	at org.springframework.web.servlet.FrameworkServlet.service(FrameworkServlet.java:885) ~[spring-webmvc-6.2.10.jar:6.2.10]
	at jakarta.servlet.http.HttpServlet.service(HttpServlet.java:658) ~[tomcat-embed-core-10.1.44.jar:6.0]
	at org.apache.catalina.core.ApplicationFilterChain.internalDoFilter(ApplicationFilterChain.java:195) ~[tomcat-embed-core-10.1.44.jar:10.1.44]
	at org.apache.catalina.core.ApplicationFilterChain.doFilter(ApplicationFilterChain.java:140) ~[tomcat-embed-core-10.1.44.jar:10.1.44]
	at org.apache.tomcat.websocket.server.WsFilter.doFilter(WsFilter.java:51) ~[tomcat-embed-websocket-10.1.44.jar:10.1.44]
	at org.apache.catalina.core.ApplicationFilterChain.internalDoFilter(ApplicationFilterChain.java:164) ~[tomcat-embed-core-10.1.44.jar:10.1.44]
	at org.apache.catalina.core.ApplicationFilterChain.doFilter(ApplicationFilterChain.java:140) ~[tomcat-embed-core-10.1.44.jar:10.1.44]
	at org.springframework.web.filter.RequestContextFilter.doFilterInternal(RequestContextFilter.java:100) ~[spring-web-6.2.10.jar:6.2.10]
	at org.springframework.web.filter.OncePerRequestFilter.doFilter(OncePerRequestFilter.java:116) ~[spring-web-6.2.10.jar:6.2.10]
	at org.apache.catalina.core.ApplicationFilterChain.internalDoFilter(ApplicationFilterChain.java:164) ~[tomcat-embed-core-10.1.44.jar:10.1.44]
	at org.apache.catalina.core.ApplicationFilterChain.doFilter(ApplicationFilterChain.java:140) ~[tomcat-embed-core-10.1.44.jar:10.1.44]
	at org.springframework.web.filter.FormContentFilter.doFilterInternal(FormContentFilter.java:93) ~[spring-web-6.2.10.jar:6.2.10]
	at org.springframework.web.filter.OncePerRequestFilter.doFilter(OncePerRequestFilter.java:116) ~[spring-web-6.2.10.jar:6.2.10]
	at org.apache.catalina.core.ApplicationFilterChain.internalDoFilter(ApplicationFilterChain.java:164) ~[tomcat-embed-core-10.1.44.jar:10.1.44]
	at org.apache.catalina.core.ApplicationFilterChain.doFilter(ApplicationFilterChain.java:140) ~[tomcat-embed-core-10.1.44.jar:10.1.44]
	at org.springframework.web.filter.CharacterEncodingFilter.doFilterInternal(CharacterEncodingFilter.java:201) ~[spring-web-6.2.10.jar:6.2.10]
	at org.springframework.web.filter.OncePerRequestFilter.doFilter(OncePerRequestFilter.java:116) ~[spring-web-6.2.10.jar:6.2.10]
	at org.apache.catalina.core.ApplicationFilterChain.internalDoFilter(ApplicationFilterChain.java:164) ~[tomcat-embed-core-10.1.44.jar:10.1.44]
	at org.apache.catalina.core.ApplicationFilterChain.doFilter(ApplicationFilterChain.java:140) ~[tomcat-embed-core-10.1.44.jar:10.1.44]
	at org.apache.catalina.core.StandardWrapperValve.invoke(StandardWrapperValve.java:167) ~[tomcat-embed-core-10.1.44.jar:10.1.44]
	at org.apache.catalina.core.StandardContextValve.invoke(StandardContextValve.java:90) ~[tomcat-embed-core-10.1.44.jar:10.1.44]
	at org.apache.catalina.authenticator.AuthenticatorBase.invoke(AuthenticatorBase.java:483) ~[tomcat-embed-core-10.1.44.jar:10.1.44]
	at org.apache.catalina.core.StandardHostValve.invoke(StandardHostValve.java:116) ~[tomcat-embed-core-10.1.44.jar:10.1.44]
	at org.apache.catalina.valves.ErrorReportValve.invoke(ErrorReportValve.java:93) ~[tomcat-embed-core-10.1.44.jar:10.1.44]
	at org.apache.catalina.core.StandardEngineValve.invoke(StandardEngineValve.java:74) ~[tomcat-embed-core-10.1.44.jar:10.1.44]
	at org.apache.catalina.connector.CoyoteAdapter.service(CoyoteAdapter.java:344) ~[tomcat-embed-core-10.1.44.jar:10.1.44]
	at org.apache.coyote.http11.Http11Processor.service(Http11Processor.java:398) ~[tomcat-embed-core-10.1.44.jar:10.1.44]
	at org.apache.coyote.AbstractProcessorLight.process(AbstractProcessorLight.java:63) ~[tomcat-embed-core-10.1.44.jar:10.1.44]
	at org.apache.coyote.AbstractProtocol$ConnectionHandler.process(AbstractProtocol.java:903) ~[tomcat-embed-core-10.1.44.jar:10.1.44]
	at org.apache.tomcat.util.net.NioEndpoint$SocketProcessor.doRun(NioEndpoint.java:1769) ~[tomcat-embed-core-10.1.44.jar:10.1.44]
	at org.apache.tomcat.util.net.SocketProcessorBase.run(SocketProcessorBase.java:52) ~[tomcat-embed-core-10.1.44.jar:10.1.44]
	at org.apache.tomcat.util.threads.ThreadPoolExecutor.runWorker(ThreadPoolExecutor.java:1189) ~[tomcat-embed-core-10.1.44.jar:10.1.44]
	at org.apache.tomcat.util.threads.ThreadPoolExecutor$Worker.run(ThreadPoolExecutor.java:658) ~[tomcat-embed-core-10.1.44.jar:10.1.44]
	at org.apache.tomcat.util.threads.TaskThread$WrappingRunnable.run(TaskThread.java:63) ~[tomcat-embed-core-10.1.44.jar:10.1.44]
	at java.base/java.lang.Thread.run(Thread.java:1447) ~[na:na]

2025-12-03T00:36:24.180+05:30  WARN 7004 --- [The-Home-Bakery] [http-nio-8082-exec-2] .m.m.a.ExceptionHandlerExceptionResolver : Resolved [org.springframework.web.servlet.resource.NoResourceFoundException: No static resource api/v1/snacks/2/image.]
2025-12-03T00:36:24.215+05:30  INFO 7004 --- [The-Home-Bakery] [http-nio-8082-exec-3] c.thb.bakery.controller.CartController   : Get cart request received for userId: 2
2025-12-03T00:36:24.219+05:30  INFO 7004 --- [The-Home-Bakery] [http-nio-8082-exec-3] c.thb.bakery.controller.CartController   : Successfully retrieved 0 cart items for userId: 2
2025-12-03T00:36:24.270+05:30  INFO 7004 --- [The-Home-Bakery] [http-nio-8082-exec-5] c.t.bakery.controller.ProductController  : Fetching image for product ID: 1
2025-12-03T00:36:24.277+05:30  INFO 7004 --- [The-Home-Bakery] [http-nio-8082-exec-5] c.t.bakery.controller.ProductController  : Fetching image for product ID: 2
2025-12-03T00:36:24.285+05:30  INFO 7004 --- [The-Home-Bakery] [http-nio-8082-exec-5] c.t.bakery.controller.ProductController  : Fetching image for product ID: 3
2025-12-03T00:36:24.293+05:30  INFO 7004 --- [The-Home-Bakery] [http-nio-8082-exec-5] c.t.bakery.controller.ProductController  : Fetching image for product ID: 6
2025-12-03T00:36:24.303+05:30  INFO 7004 --- [The-Home-Bakery] [http-nio-8082-exec-4] c.t.bakery.controller.SnacksController   : Fetching image for ID: 1
2025-12-03T00:36:24.304+05:30  INFO 7004 --- [The-Home-Bakery] [http-nio-8082-exec-7] c.t.bakery.controller.SnacksController   : Fetching image for ID: 2
2025-12-03T00:36:24.332+05:30  INFO 7004 --- [The-Home-Bakery] [http-nio-8082-exec-8] c.t.bakery.controller.SnacksController   : Fetching image for ID: 5
2025-12-03T00:36:40.246+05:30  INFO 7004 --- [The-Home-Bakery] [http-nio-8082-exec-2] c.t.bakery.controller.SnacksController   : Fetching all snacks - page: 0, size: 10
2025-12-03T00:36:40.295+05:30  INFO 7004 --- [The-Home-Bakery] [http-nio-8082-exec-3] c.thb.bakery.controller.CartController   : Get cart request received for userId: 2
2025-12-03T00:36:40.298+05:30  INFO 7004 --- [The-Home-Bakery] [http-nio-8082-exec-3] c.thb.bakery.controller.CartController   : Successfully retrieved 0 cart items for userId: 2
2025-12-03T00:36:40.319+05:30  INFO 7004 --- [The-Home-Bakery] [http-nio-8082-exec-5] c.t.bakery.controller.SnacksController   : Fetching image for ID: 1
2025-12-03T00:36:40.320+05:30  INFO 7004 --- [The-Home-Bakery] [http-nio-8082-exec-7] c.t.bakery.controller.SnacksController   : Fetching image for ID: 2
2025-12-03T00:36:40.321+05:30  INFO 7004 --- [The-Home-Bakery] [http-nio-8082-exec-4] c.t.bakery.controller.SnacksController   : Fetching image for ID: 5
2025-12-03T00:36:40.362+05:30  INFO 7004 --- [The-Home-Bakery] [http-nio-8082-exec-6] c.t.bakery.controller.SnacksController   : Fetching all snacks - page: 0, size: 10
2025-12-03T00:36:40.362+05:30  INFO 7004 --- [The-Home-Bakery] [http-nio-8082-exec-1] c.t.bakery.controller.ProductController  : Fetching all products - page: 0, size: 1000
2025-12-03T00:36:40.363+05:30  INFO 7004 --- [The-Home-Bakery] [http-nio-8082-exec-1] c.t.b.s.serviceImpl.ProductServiceImpl   : Fetching products with pagination - page: 0, size: 1000
2025-12-03T00:36:40.369+05:30  INFO 7004 --- [The-Home-Bakery] [http-nio-8082-exec-1] c.t.b.s.serviceImpl.ProductServiceImpl   : Retrieved page 1 of 1 with 4 products out of 4 total
2025-12-03T00:36:40.394+05:30  INFO 7004 --- [The-Home-Bakery] [http-nio-8082-exec-1] c.t.bakery.controller.ProductController  : Retrieved 4 products out of 4 total
2025-12-03T00:36:40.430+05:30  INFO 7004 --- [The-Home-Bakery] [http-nio-8082-exec-9] c.t.bakery.controller.SnacksController   : Fetching image for ID: 1
2025-12-03T00:36:40.432+05:30  INFO 7004 --- [The-Home-Bakery] [http-nio-8082-exec-10] c.t.bakery.controller.SnacksController   : Fetching image for ID: 2
2025-12-03T00:36:40.434+05:30  INFO 7004 --- [The-Home-Bakery] [http-nio-8082-exec-2] c.t.bakery.controller.SnacksController   : Fetching image for ID: 5
2025-12-03T00:36:40.505+05:30  INFO 7004 --- [The-Home-Bakery] [http-nio-8082-exec-5] c.t.bakery.controller.ProductController  : Fetching image for product ID: 2
2025-12-03T00:36:40.505+05:30  INFO 7004 --- [The-Home-Bakery] [http-nio-8082-exec-3] c.t.bakery.controller.ProductController  : Fetching image for product ID: 1
2025-12-03T00:36:40.506+05:30  INFO 7004 --- [The-Home-Bakery] [http-nio-8082-exec-7] c.t.bakery.controller.ProductController  : Fetching image for product ID: 3
2025-12-03T00:36:40.507+05:30  INFO 7004 --- [The-Home-Bakery] [http-nio-8082-exec-4] c.t.bakery.controller.ProductController  : Fetching image for product ID: 6
2025-12-03T00:36:48.325+05:30  INFO 7004 --- [The-Home-Bakery] [http-nio-8082-exec-6] c.t.bakery.controller.SnacksController   : Fetching snack ID: 1
2025-12-03T00:36:51.914+05:30  INFO 7004 --- [The-Home-Bakery] [http-nio-8082-exec-8] c.t.bakery.controller.SnacksController   : Fetching snack ID: 2
2025-12-03T00:37:21.074+05:30  INFO 7004 --- [The-Home-Bakery] [http-nio-8082-exec-1] c.t.bakery.controller.SnacksController   : Fetching all snacks - page: 0, size: 10
2025-12-03T00:37:21.134+05:30  INFO 7004 --- [The-Home-Bakery] [http-nio-8082-exec-9] c.thb.bakery.controller.CartController   : Get cart request received for userId: 2
2025-12-03T00:37:21.138+05:30  INFO 7004 --- [The-Home-Bakery] [http-nio-8082-exec-9] c.thb.bakery.controller.CartController   : Successfully retrieved 0 cart items for userId: 2
2025-12-03T00:37:21.175+05:30  INFO 7004 --- [The-Home-Bakery] [http-nio-8082-exec-2] c.t.bakery.controller.SnacksController   : Fetching image for ID: 2
2025-12-03T00:37:21.175+05:30  INFO 7004 --- [The-Home-Bakery] [http-nio-8082-exec-10] c.t.bakery.controller.SnacksController   : Fetching image for ID: 1
2025-12-03T00:37:21.177+05:30  INFO 7004 --- [The-Home-Bakery] [http-nio-8082-exec-3] c.t.bakery.controller.SnacksController   : Fetching image for ID: 5
2025-12-03T00:37:21.513+05:30  INFO 7004 --- [The-Home-Bakery] [http-nio-8082-exec-4] c.t.bakery.controller.SnacksController   : Fetching all snacks - page: 0, size: 10
2025-12-03T00:37:21.513+05:30  INFO 7004 --- [The-Home-Bakery] [http-nio-8082-exec-7] c.t.bakery.controller.ProductController  : Fetching all products - page: 0, size: 1000
2025-12-03T00:37:21.516+05:30  INFO 7004 --- [The-Home-Bakery] [http-nio-8082-exec-7] c.t.b.s.serviceImpl.ProductServiceImpl   : Fetching products with pagination - page: 0, size: 1000
2025-12-03T00:37:21.529+05:30  INFO 7004 --- [The-Home-Bakery] [http-nio-8082-exec-7] c.t.b.s.serviceImpl.ProductServiceImpl   : Retrieved page 1 of 1 with 4 products out of 4 total
2025-12-03T00:37:21.572+05:30  INFO 7004 --- [The-Home-Bakery] [http-nio-8082-exec-7] c.t.bakery.controller.ProductController  : Retrieved 4 products out of 4 total
2025-12-03T00:37:21.603+05:30  INFO 7004 --- [The-Home-Bakery] [http-nio-8082-exec-8] c.t.bakery.controller.SnacksController   : Fetching image for ID: 2
2025-12-03T00:37:21.603+05:30  INFO 7004 --- [The-Home-Bakery] [http-nio-8082-exec-6] c.t.bakery.controller.SnacksController   : Fetching image for ID: 1
2025-12-03T00:37:21.631+05:30  INFO 7004 --- [The-Home-Bakery] [http-nio-8082-exec-1] c.t.bakery.controller.SnacksController   : Fetching image for ID: 5
2025-12-03T00:37:21.709+05:30  INFO 7004 --- [The-Home-Bakery] [http-nio-8082-exec-9] c.t.bakery.controller.ProductController  : Fetching image for product ID: 1
2025-12-03T00:37:21.709+05:30  INFO 7004 --- [The-Home-Bakery] [http-nio-8082-exec-2] c.t.bakery.controller.ProductController  : Fetching image for product ID: 2
2025-12-03T00:37:21.709+05:30  INFO 7004 --- [The-Home-Bakery] [http-nio-8082-exec-10] c.t.bakery.controller.ProductController  : Fetching image for product ID: 3
2025-12-03T00:37:21.790+05:30  INFO 7004 --- [The-Home-Bakery] [http-nio-8082-exec-3] c.t.bakery.controller.ProductController  : Fetching image for product ID: 6
2025-12-03T00:38:08.322+05:30  INFO 7004 --- [The-Home-Bakery] [http-nio-8082-exec-6] c.t.bakery.controller.SnacksController   : Fetching all snacks - page: 0, size: 10
2025-12-03T00:38:08.429+05:30  INFO 7004 --- [The-Home-Bakery] [http-nio-8082-exec-1] c.thb.bakery.controller.CartController   : Get cart request received for userId: 2
2025-12-03T00:38:08.433+05:30  INFO 7004 --- [The-Home-Bakery] [http-nio-8082-exec-1] c.thb.bakery.controller.CartController   : Successfully retrieved 0 cart items for userId: 2
2025-12-03T00:38:08.479+05:30  INFO 7004 --- [The-Home-Bakery] [http-nio-8082-exec-9] c.t.bakery.controller.SnacksController   : Fetching image for ID: 1
2025-12-03T00:38:08.479+05:30  INFO 7004 --- [The-Home-Bakery] [http-nio-8082-exec-2] c.t.bakery.controller.SnacksController   : Fetching image for ID: 5
2025-12-03T00:38:08.479+05:30  INFO 7004 --- [The-Home-Bakery] [http-nio-8082-exec-10] c.t.bakery.controller.SnacksController   : Fetching image for ID: 2
2025-12-03T00:38:08.791+05:30  INFO 7004 --- [The-Home-Bakery] [http-nio-8082-exec-4] c.t.bakery.controller.SnacksController   : Fetching all snacks - page: 0, size: 10
2025-12-03T00:38:08.791+05:30  INFO 7004 --- [The-Home-Bakery] [http-nio-8082-exec-5] c.t.bakery.controller.ProductController  : Fetching all products - page: 0, size: 1000
2025-12-03T00:38:08.793+05:30  INFO 7004 --- [The-Home-Bakery] [http-nio-8082-exec-5] c.t.b.s.serviceImpl.ProductServiceImpl   : Fetching products with pagination - page: 0, size: 1000
2025-12-03T00:38:08.804+05:30  INFO 7004 --- [The-Home-Bakery] [http-nio-8082-exec-5] c.t.b.s.serviceImpl.ProductServiceImpl   : Retrieved page 1 of 1 with 4 products out of 4 total
2025-12-03T00:38:08.836+05:30  INFO 7004 --- [The-Home-Bakery] [http-nio-8082-exec-5] c.t.bakery.controller.ProductController  : Retrieved 4 products out of 4 total
2025-12-03T00:38:08.850+05:30  INFO 7004 --- [The-Home-Bakery] [http-nio-8082-exec-8] c.t.bakery.controller.SnacksController   : Fetching image for ID: 1
2025-12-03T00:38:08.852+05:30  INFO 7004 --- [The-Home-Bakery] [http-nio-8082-exec-7] c.t.bakery.controller.SnacksController   : Fetching image for ID: 2
2025-12-03T00:38:08.853+05:30  INFO 7004 --- [The-Home-Bakery] [http-nio-8082-exec-6] c.t.bakery.controller.SnacksController   : Fetching image for ID: 5
2025-12-03T00:38:09.004+05:30  INFO 7004 --- [The-Home-Bakery] [http-nio-8082-exec-1] c.t.bakery.controller.ProductController  : Fetching image for product ID: 1
2025-12-03T00:38:09.004+05:30  INFO 7004 --- [The-Home-Bakery] [http-nio-8082-exec-2] c.t.bakery.controller.ProductController  : Fetching image for product ID: 2
2025-12-03T00:38:09.056+05:30  INFO 7004 --- [The-Home-Bakery] [http-nio-8082-exec-10] c.t.bakery.controller.ProductController  : Fetching image for product ID: 3
2025-12-03T00:38:09.056+05:30  INFO 7004 --- [The-Home-Bakery] [http-nio-8082-exec-9] c.t.bakery.controller.ProductController  : Fetching image for product ID: 6
2025-12-03T00:38:59.426+05:30  INFO 7004 --- [The-Home-Bakery] [http-nio-8082-exec-3] c.t.bakery.controller.SnacksController   : Fetching all snacks - page: 0, size: 10
2025-12-03T00:38:59.499+05:30  INFO 7004 --- [The-Home-Bakery] [http-nio-8082-exec-4] c.thb.bakery.controller.CartController   : Get cart request received for userId: 2
2025-12-03T00:38:59.502+05:30  INFO 7004 --- [The-Home-Bakery] [http-nio-8082-exec-4] c.thb.bakery.controller.CartController   : Successfully retrieved 0 cart items for userId: 2
2025-12-03T00:38:59.538+05:30  INFO 7004 --- [The-Home-Bakery] [http-nio-8082-exec-5] c.t.bakery.controller.SnacksController   : Fetching image for ID: 1
2025-12-03T00:38:59.539+05:30  INFO 7004 --- [The-Home-Bakery] [http-nio-8082-exec-7] c.t.bakery.controller.SnacksController   : Fetching image for ID: 5
2025-12-03T00:38:59.539+05:30  INFO 7004 --- [The-Home-Bakery] [http-nio-8082-exec-8] c.t.bakery.controller.SnacksController   : Fetching image for ID: 2
2025-12-03T00:39:00.156+05:30  INFO 7004 --- [The-Home-Bakery] [http-nio-8082-exec-2] c.t.bakery.controller.SnacksController   : Fetching all snacks - page: 0, size: 10
2025-12-03T00:39:00.157+05:30  INFO 7004 --- [The-Home-Bakery] [http-nio-8082-exec-1] c.t.bakery.controller.ProductController  : Fetching all products - page: 0, size: 1000
2025-12-03T00:39:00.159+05:30  INFO 7004 --- [The-Home-Bakery] [http-nio-8082-exec-1] c.t.b.s.serviceImpl.ProductServiceImpl   : Fetching products with pagination - page: 0, size: 1000
2025-12-03T00:39:00.168+05:30  INFO 7004 --- [The-Home-Bakery] [http-nio-8082-exec-1] c.t.b.s.serviceImpl.ProductServiceImpl   : Retrieved page 1 of 1 with 4 products out of 4 total
2025-12-03T00:39:00.205+05:30  INFO 7004 --- [The-Home-Bakery] [http-nio-8082-exec-1] c.t.bakery.controller.ProductController  : Retrieved 4 products out of 4 total
2025-12-03T00:39:00.242+05:30  INFO 7004 --- [The-Home-Bakery] [http-nio-8082-exec-10] c.t.bakery.controller.SnacksController   : Fetching image for ID: 1
2025-12-03T00:39:00.242+05:30  INFO 7004 --- [The-Home-Bakery] [http-nio-8082-exec-9] c.t.bakery.controller.SnacksController   : Fetching image for ID: 2
2025-12-03T00:39:00.243+05:30  INFO 7004 --- [The-Home-Bakery] [http-nio-8082-exec-3] c.t.bakery.controller.SnacksController   : Fetching image for ID: 5
2025-12-03T00:39:00.379+05:30  INFO 7004 --- [The-Home-Bakery] [http-nio-8082-exec-4] c.t.bakery.controller.ProductController  : Fetching image for product ID: 1
2025-12-03T00:39:00.463+05:30  INFO 7004 --- [The-Home-Bakery] [http-nio-8082-exec-7] c.t.bakery.controller.ProductController  : Fetching image for product ID: 2
2025-12-03T00:39:00.463+05:30  INFO 7004 --- [The-Home-Bakery] [http-nio-8082-exec-5] c.t.bakery.controller.ProductController  : Fetching image for product ID: 3
2025-12-03T00:39:00.465+05:30  INFO 7004 --- [The-Home-Bakery] [http-nio-8082-exec-8] c.t.bakery.controller.ProductController  : Fetching image for product ID: 6
2025-12-03T00:39:14.053+05:30  INFO 7004 --- [The-Home-Bakery] [http-nio-8082-exec-2] c.t.bakery.controller.SnacksController   : Fetching all snacks - page: 0, size: 10
2025-12-03T00:39:14.065+05:30  INFO 7004 --- [The-Home-Bakery] [http-nio-8082-exec-6] c.t.bakery.controller.ProductController  : Fetching all products - page: 0, size: 1000
2025-12-03T00:39:14.069+05:30  INFO 7004 --- [The-Home-Bakery] [http-nio-8082-exec-6] c.t.b.s.serviceImpl.ProductServiceImpl   : Fetching products with pagination - page: 0, size: 1000
2025-12-03T00:39:14.075+05:30  INFO 7004 --- [The-Home-Bakery] [http-nio-8082-exec-6] c.t.b.s.serviceImpl.ProductServiceImpl   : Retrieved page 1 of 1 with 4 products out of 4 total
2025-12-03T00:39:14.101+05:30  INFO 7004 --- [The-Home-Bakery] [http-nio-8082-exec-6] c.t.bakery.controller.ProductController  : Retrieved 4 products out of 4 total
2025-12-03T00:39:14.120+05:30  INFO 7004 --- [The-Home-Bakery] [http-nio-8082-exec-1] c.t.bakery.controller.SnacksController   : Fetching all snacks - page: 0, size: 10
2025-12-03T00:39:14.147+05:30  INFO 7004 --- [The-Home-Bakery] [http-nio-8082-exec-9] c.t.bakery.controller.SnacksController   : Fetching image for ID: 1
2025-12-03T00:39:14.149+05:30  INFO 7004 --- [The-Home-Bakery] [http-nio-8082-exec-3] c.t.bakery.controller.SnacksController   : Fetching image for ID: 2
2025-12-03T00:39:14.161+05:30  INFO 7004 --- [The-Home-Bakery] [http-nio-8082-exec-10] c.t.bakery.controller.SnacksController   : Fetching image for ID: 5
2025-12-03T00:39:14.188+05:30  INFO 7004 --- [The-Home-Bakery] [http-nio-8082-exec-4] c.thb.bakery.controller.CartController   : Get cart request received for userId: 2
2025-12-03T00:39:14.191+05:30  INFO 7004 --- [The-Home-Bakery] [http-nio-8082-exec-4] c.thb.bakery.controller.CartController   : Successfully retrieved 0 cart items for userId: 2
2025-12-03T00:39:14.214+05:30  INFO 7004 --- [The-Home-Bakery] [http-nio-8082-exec-8] c.t.bakery.controller.SnacksController   : Fetching image for ID: 5
2025-12-03T00:39:14.214+05:30  INFO 7004 --- [The-Home-Bakery] [http-nio-8082-exec-5] c.t.bakery.controller.SnacksController   : Fetching image for ID: 1
2025-12-03T00:39:14.214+05:30  INFO 7004 --- [The-Home-Bakery] [http-nio-8082-exec-7] c.t.bakery.controller.SnacksController   : Fetching image for ID: 2
2025-12-03T00:39:14.249+05:30  INFO 7004 --- [The-Home-Bakery] [http-nio-8082-exec-2] c.t.bakery.controller.ProductController  : Fetching image for product ID: 1
2025-12-03T00:39:14.250+05:30  INFO 7004 --- [The-Home-Bakery] [http-nio-8082-exec-6] c.t.bakery.controller.ProductController  : Fetching image for product ID: 2
2025-12-03T00:39:14.252+05:30  INFO 7004 --- [The-Home-Bakery] [http-nio-8082-exec-9] c.t.bakery.controller.ProductController  : Fetching image for product ID: 3
2025-12-03T00:39:14.314+05:30  INFO 7004 --- [The-Home-Bakery] [http-nio-8082-exec-3] c.t.bakery.controller.ProductController  : Fetching image for product ID: 6
2025-12-03T00:39:23.543+05:30  INFO 7004 --- [The-Home-Bakery] [http-nio-8082-exec-10] c.t.bakery.controller.SnacksController   : Fetching all snacks - page: 0, size: 10
2025-12-03T00:39:23.579+05:30  INFO 7004 --- [The-Home-Bakery] [http-nio-8082-exec-4] c.t.bakery.controller.ProductController  : Fetching all products - page: 0, size: 1000
2025-12-03T00:39:23.579+05:30  INFO 7004 --- [The-Home-Bakery] [http-nio-8082-exec-7] c.t.bakery.controller.SnacksController   : Fetching all snacks - page: 0, size: 10
2025-12-03T00:39:23.580+05:30  INFO 7004 --- [The-Home-Bakery] [http-nio-8082-exec-4] c.t.b.s.serviceImpl.ProductServiceImpl   : Fetching products with pagination - page: 0, size: 1000
2025-12-03T00:39:23.587+05:30  INFO 7004 --- [The-Home-Bakery] [http-nio-8082-exec-4] c.t.b.s.serviceImpl.ProductServiceImpl   : Retrieved page 1 of 1 with 4 products out of 4 total
2025-12-03T00:39:23.602+05:30  INFO 7004 --- [The-Home-Bakery] [http-nio-8082-exec-8] c.thb.bakery.controller.CartController   : Get cart request received for userId: 2
2025-12-03T00:39:23.607+05:30  INFO 7004 --- [The-Home-Bakery] [http-nio-8082-exec-8] c.thb.bakery.controller.CartController   : Successfully retrieved 0 cart items for userId: 2
2025-12-03T00:39:23.612+05:30  INFO 7004 --- [The-Home-Bakery] [http-nio-8082-exec-5] c.t.bakery.controller.SnacksController   : Fetching image for ID: 1
2025-12-03T00:39:23.613+05:30  INFO 7004 --- [The-Home-Bakery] [http-nio-8082-exec-2] c.t.bakery.controller.SnacksController   : Fetching image for ID: 5
2025-12-03T00:39:23.613+05:30  INFO 7004 --- [The-Home-Bakery] [http-nio-8082-exec-4] c.t.bakery.controller.ProductController  : Retrieved 4 products out of 4 total
2025-12-03T00:39:23.614+05:30  INFO 7004 --- [The-Home-Bakery] [http-nio-8082-exec-1] c.t.bakery.controller.SnacksController   : Fetching image for ID: 2
2025-12-03T00:39:23.644+05:30  INFO 7004 --- [The-Home-Bakery] [http-nio-8082-exec-6] c.t.bakery.controller.SnacksController   : Fetching image for ID: 1
2025-12-03T00:39:23.644+05:30  INFO 7004 --- [The-Home-Bakery] [http-nio-8082-exec-9] c.t.bakery.controller.SnacksController   : Fetching image for ID: 2
2025-12-03T00:39:23.648+05:30  INFO 7004 --- [The-Home-Bakery] [http-nio-8082-exec-3] c.t.bakery.controller.SnacksController   : Fetching image for ID: 5
2025-12-03T00:39:23.691+05:30  INFO 7004 --- [The-Home-Bakery] [http-nio-8082-exec-10] c.t.bakery.controller.ProductController  : Fetching image for product ID: 1
2025-12-03T00:39:23.691+05:30  INFO 7004 --- [The-Home-Bakery] [http-nio-8082-exec-8] c.t.bakery.controller.ProductController  : Fetching image for product ID: 3
2025-12-03T00:39:23.692+05:30  INFO 7004 --- [The-Home-Bakery] [http-nio-8082-exec-7] c.t.bakery.controller.ProductController  : Fetching image for product ID: 2
2025-12-03T00:39:23.696+05:30  INFO 7004 --- [The-Home-Bakery] [http-nio-8082-exec-4] c.t.bakery.controller.ProductController  : Fetching image for product ID: 6
2025-12-03T00:39:36.786+05:30  INFO 7004 --- [The-Home-Bakery] [http-nio-8082-exec-1] c.t.bakery.controller.SnacksController   : Fetching all snacks - page: 0, size: 10
2025-12-03T00:39:36.786+05:30  INFO 7004 --- [The-Home-Bakery] [http-nio-8082-exec-5] c.t.bakery.controller.ProductController  : Fetching all products - page: 0, size: 1000
2025-12-03T00:39:36.787+05:30  INFO 7004 --- [The-Home-Bakery] [http-nio-8082-exec-5] c.t.b.s.serviceImpl.ProductServiceImpl   : Fetching products with pagination - page: 0, size: 1000
2025-12-03T00:39:36.792+05:30  INFO 7004 --- [The-Home-Bakery] [http-nio-8082-exec-5] c.t.b.s.serviceImpl.ProductServiceImpl   : Retrieved page 1 of 1 with 4 products out of 4 total
2025-12-03T00:39:36.811+05:30  INFO 7004 --- [The-Home-Bakery] [http-nio-8082-exec-9] c.t.bakery.controller.SnacksController   : Fetching image for ID: 1
2025-12-03T00:39:36.811+05:30  INFO 7004 --- [The-Home-Bakery] [http-nio-8082-exec-6] c.t.bakery.controller.SnacksController   : Fetching image for ID: 2
2025-12-03T00:39:36.812+05:30  INFO 7004 --- [The-Home-Bakery] [http-nio-8082-exec-5] c.t.bakery.controller.ProductController  : Retrieved 4 products out of 4 total
2025-12-03T00:39:36.812+05:30  INFO 7004 --- [The-Home-Bakery] [http-nio-8082-exec-3] c.t.bakery.controller.SnacksController   : Fetching image for ID: 5
2025-12-03T00:39:36.847+05:30  INFO 7004 --- [The-Home-Bakery] [http-nio-8082-exec-10] c.t.bakery.controller.ProductController  : Fetching image for product ID: 2
2025-12-03T00:39:36.847+05:30  INFO 7004 --- [The-Home-Bakery] [http-nio-8082-exec-8] c.t.bakery.controller.ProductController  : Fetching image for product ID: 1
2025-12-03T00:39:36.847+05:30  INFO 7004 --- [The-Home-Bakery] [http-nio-8082-exec-7] c.t.bakery.controller.ProductController  : Fetching image for product ID: 3
2025-12-03T00:39:36.847+05:30  INFO 7004 --- [The-Home-Bakery] [http-nio-8082-exec-4] c.t.bakery.controller.ProductController  : Fetching image for product ID: 6
2025-12-03T00:39:53.792+05:30  INFO 7004 --- [The-Home-Bakery] [http-nio-8082-exec-2] c.t.bakery.controller.ProductController  : Fetching product with ID: 1
2025-12-03T00:39:53.795+05:30  INFO 7004 --- [The-Home-Bakery] [http-nio-8082-exec-2] c.t.b.s.serviceImpl.ProductServiceImpl   : Fetching product by ID: 1
2025-12-03T00:39:53.800+05:30  INFO 7004 --- [The-Home-Bakery] [http-nio-8082-exec-2] c.t.b.s.serviceImpl.ProductServiceImpl   : Product found: chocolate cake (ID: 1)
2025-12-03T00:39:53.811+05:30  INFO 7004 --- [The-Home-Bakery] [http-nio-8082-exec-2] c.t.bakery.controller.ProductController  : Product retrieved successfully: chocolate cake
2025-12-03T00:41:35.971+05:30  INFO 7004 --- [The-Home-Bakery] [http-nio-8082-exec-4] c.t.bakery.controller.SnacksController   : Fetching all snacks - page: 0, size: 10
2025-12-03T00:41:36.049+05:30  INFO 7004 --- [The-Home-Bakery] [http-nio-8082-exec-8] c.thb.bakery.controller.CartController   : Get cart request received for userId: 2
2025-12-03T00:41:36.055+05:30  INFO 7004 --- [The-Home-Bakery] [http-nio-8082-exec-8] c.thb.bakery.controller.CartController   : Successfully retrieved 0 cart items for userId: 2
2025-12-03T00:41:36.101+05:30  INFO 7004 --- [The-Home-Bakery] [http-nio-8082-exec-1] c.t.bakery.controller.SnacksController   : Fetching image for ID: 5
2025-12-03T00:41:36.102+05:30  INFO 7004 --- [The-Home-Bakery] [http-nio-8082-exec-2] c.t.bakery.controller.SnacksController   : Fetching image for ID: 2
2025-12-03T00:41:36.102+05:30  INFO 7004 --- [The-Home-Bakery] [http-nio-8082-exec-10] c.t.bakery.controller.SnacksController   : Fetching image for ID: 1
2025-12-03T00:41:36.239+05:30  INFO 7004 --- [The-Home-Bakery] [http-nio-8082-exec-5] c.t.bakery.controller.ProductController  : Fetching all products - page: 0, size: 1000
2025-12-03T00:41:36.240+05:30  INFO 7004 --- [The-Home-Bakery] [http-nio-8082-exec-5] c.t.b.s.serviceImpl.ProductServiceImpl   : Fetching products with pagination - page: 0, size: 1000
2025-12-03T00:41:36.242+05:30  INFO 7004 --- [The-Home-Bakery] [http-nio-8082-exec-9] c.t.bakery.controller.SnacksController   : Fetching all snacks - page: 0, size: 10
2025-12-03T00:41:36.247+05:30  INFO 7004 --- [The-Home-Bakery] [http-nio-8082-exec-5] c.t.b.s.serviceImpl.ProductServiceImpl   : Retrieved page 1 of 1 with 4 products out of 4 total
2025-12-03T00:41:36.272+05:30  INFO 7004 --- [The-Home-Bakery] [http-nio-8082-exec-5] c.t.bakery.controller.ProductController  : Retrieved 4 products out of 4 total
2025-12-03T00:41:36.293+05:30  INFO 7004 --- [The-Home-Bakery] [http-nio-8082-exec-7] c.t.bakery.controller.SnacksController   : Fetching image for ID: 2
2025-12-03T00:41:36.294+05:30  INFO 7004 --- [The-Home-Bakery] [http-nio-8082-exec-3] c.t.bakery.controller.SnacksController   : Fetching image for ID: 1
2025-12-03T00:41:36.294+05:30  INFO 7004 --- [The-Home-Bakery] [http-nio-8082-exec-4] c.t.bakery.controller.SnacksController   : Fetching image for ID: 5
2025-12-03T00:41:36.365+05:30  INFO 7004 --- [The-Home-Bakery] [http-nio-8082-exec-8] c.t.bakery.controller.ProductController  : Fetching image for product ID: 1
2025-12-03T00:41:36.371+05:30  INFO 7004 --- [The-Home-Bakery] [http-nio-8082-exec-2] c.t.bakery.controller.ProductController  : Fetching image for product ID: 3
2025-12-03T00:41:36.372+05:30  INFO 7004 --- [The-Home-Bakery] [http-nio-8082-exec-1] c.t.bakery.controller.ProductController  : Fetching image for product ID: 2
2025-12-03T00:41:36.389+05:30  INFO 7004 --- [The-Home-Bakery] [http-nio-8082-exec-10] c.t.bakery.controller.ProductController  : Fetching image for product ID: 6
2025-12-03T00:41:41.002+05:30  INFO 7004 --- [The-Home-Bakery] [http-nio-8082-exec-6] c.t.bakery.controller.SnacksController   : Fetching all snacks - page: 0, size: 10
2025-12-03T00:41:41.048+05:30  INFO 7004 --- [The-Home-Bakery] [http-nio-8082-exec-9] c.thb.bakery.controller.CartController   : Get cart request received for userId: 2
2025-12-03T00:41:41.051+05:30  INFO 7004 --- [The-Home-Bakery] [http-nio-8082-exec-9] c.thb.bakery.controller.CartController   : Successfully retrieved 0 cart items for userId: 2
2025-12-03T00:41:41.073+05:30  INFO 7004 --- [The-Home-Bakery] [http-nio-8082-exec-5] c.t.bakery.controller.SnacksController   : Fetching image for ID: 1
2025-12-03T00:41:41.073+05:30  INFO 7004 --- [The-Home-Bakery] [http-nio-8082-exec-4] c.t.bakery.controller.SnacksController   : Fetching image for ID: 2
2025-12-03T00:41:41.075+05:30  INFO 7004 --- [The-Home-Bakery] [http-nio-8082-exec-7] c.t.bakery.controller.SnacksController   : Fetching image for ID: 5
2025-12-03T00:41:46.450+05:30  INFO 7004 --- [The-Home-Bakery] [http-nio-8082-exec-8] c.t.bakery.controller.SnacksController   : Fetching all snacks - page: 0, size: 10
2025-12-03T00:41:46.505+05:30  INFO 7004 --- [The-Home-Bakery] [http-nio-8082-exec-2] c.thb.bakery.controller.CartController   : Get cart request received for userId: 2
2025-12-03T00:41:46.508+05:30  INFO 7004 --- [The-Home-Bakery] [http-nio-8082-exec-2] c.thb.bakery.controller.CartController   : Successfully retrieved 0 cart items for userId: 2
2025-12-03T00:41:46.534+05:30  INFO 7004 --- [The-Home-Bakery] [http-nio-8082-exec-1] c.t.bakery.controller.SnacksController   : Fetching image for ID: 1
2025-12-03T00:41:46.535+05:30  INFO 7004 --- [The-Home-Bakery] [http-nio-8082-exec-10] c.t.bakery.controller.SnacksController   : Fetching image for ID: 2
2025-12-03T00:41:46.536+05:30  INFO 7004 --- [The-Home-Bakery] [http-nio-8082-exec-6] c.t.bakery.controller.SnacksController   : Fetching image for ID: 5
2025-12-03T00:42:07.411+05:30  INFO 7004 --- [The-Home-Bakery] [http-nio-8082-exec-4] c.t.bakery.controller.SnacksController   : Fetching all snacks - page: 0, size: 10
2025-12-03T00:42:07.474+05:30  INFO 7004 --- [The-Home-Bakery] [http-nio-8082-exec-5] c.thb.bakery.controller.CartController   : Get cart request received for userId: 2
2025-12-03T00:42:07.478+05:30  INFO 7004 --- [The-Home-Bakery] [http-nio-8082-exec-5] c.thb.bakery.controller.CartController   : Successfully retrieved 0 cart items for userId: 2
2025-12-03T00:42:07.522+05:30  INFO 7004 --- [The-Home-Bakery] [http-nio-8082-exec-7] c.t.bakery.controller.SnacksController   : Fetching image for ID: 1
2025-12-03T00:42:07.522+05:30  INFO 7004 --- [The-Home-Bakery] [http-nio-8082-exec-8] c.t.bakery.controller.SnacksController   : Fetching image for ID: 2
2025-12-03T00:42:07.524+05:30  INFO 7004 --- [The-Home-Bakery] [http-nio-8082-exec-3] c.t.bakery.controller.SnacksController   : Fetching image for ID: 5
2025-12-03T00:42:07.792+05:30  INFO 7004 --- [The-Home-Bakery] [http-nio-8082-exec-1] c.t.bakery.controller.SnacksController   : Fetching all snacks - page: 0, size: 10
2025-12-03T00:42:07.792+05:30  INFO 7004 --- [The-Home-Bakery] [http-nio-8082-exec-10] c.t.bakery.controller.ProductController  : Fetching all products - page: 0, size: 1000
2025-12-03T00:42:07.793+05:30  INFO 7004 --- [The-Home-Bakery] [http-nio-8082-exec-10] c.t.b.s.serviceImpl.ProductServiceImpl   : Fetching products with pagination - page: 0, size: 1000
2025-12-03T00:42:07.800+05:30  INFO 7004 --- [The-Home-Bakery] [http-nio-8082-exec-10] c.t.b.s.serviceImpl.ProductServiceImpl   : Retrieved page 1 of 1 with 4 products out of 4 total
2025-12-03T00:42:07.822+05:30  INFO 7004 --- [The-Home-Bakery] [http-nio-8082-exec-10] c.t.bakery.controller.ProductController  : Retrieved 4 products out of 4 total
2025-12-03T00:42:07.885+05:30  INFO 7004 --- [The-Home-Bakery] [http-nio-8082-exec-6] c.t.bakery.controller.SnacksController   : Fetching image for ID: 1
2025-12-03T00:42:07.888+05:30  INFO 7004 --- [The-Home-Bakery] [http-nio-8082-exec-9] c.t.bakery.controller.SnacksController   : Fetching image for ID: 2
2025-12-03T00:42:07.888+05:30  INFO 7004 --- [The-Home-Bakery] [http-nio-8082-exec-4] c.t.bakery.controller.SnacksController   : Fetching image for ID: 5
2025-12-03T00:42:08.246+05:30  INFO 7004 --- [The-Home-Bakery] [http-nio-8082-exec-5] c.t.bakery.controller.ProductController  : Fetching image for product ID: 1
2025-12-03T00:42:08.249+05:30  INFO 7004 --- [The-Home-Bakery] [http-nio-8082-exec-8] c.t.bakery.controller.ProductController  : Fetching image for product ID: 2
2025-12-03T00:42:08.264+05:30  INFO 7004 --- [The-Home-Bakery] [http-nio-8082-exec-7] c.t.bakery.controller.ProductController  : Fetching image for product ID: 3
2025-12-03T00:42:08.268+05:30  INFO 7004 --- [The-Home-Bakery] [http-nio-8082-exec-3] c.t.bakery.controller.ProductController  : Fetching image for product ID: 6
2025-12-03T00:42:27.818+05:30  INFO 7004 --- [The-Home-Bakery] [http-nio-8082-exec-2] c.t.bakery.controller.ProductController  : Fetching product with ID: 1
2025-12-03T00:42:27.821+05:30  INFO 7004 --- [The-Home-Bakery] [http-nio-8082-exec-2] c.t.b.s.serviceImpl.ProductServiceImpl   : Fetching product by ID: 1
2025-12-03T00:42:27.827+05:30  INFO 7004 --- [The-Home-Bakery] [http-nio-8082-exec-2] c.t.b.s.serviceImpl.ProductServiceImpl   : Product found: chocolate cake (ID: 1)
2025-12-03T00:42:27.840+05:30  INFO 7004 --- [The-Home-Bakery] [http-nio-8082-exec-2] c.t.bakery.controller.ProductController  : Product retrieved successfully: chocolate cake
2025-12-03T01:53:35.278+05:30  INFO 7004 --- [The-Home-Bakery] [http-nio-8082-exec-8] c.t.bakery.controller.ProductController  : Fetching image for product ID: 32
2025-12-03T01:53:35.285+05:30  WARN 7004 --- [The-Home-Bakery] [http-nio-8082-exec-8] c.t.bakery.controller.ProductController  : Product image not found for ID: 32
2025-12-03T01:53:35.286+05:30  INFO 7004 --- [The-Home-Bakery] [http-nio-8082-exec-7] c.t.bakery.controller.ProductController  : Fetching image for product ID: 27
2025-12-03T01:53:35.289+05:30  INFO 7004 --- [The-Home-Bakery] [http-nio-8082-exec-3] c.t.bakery.controller.ProductController  : Fetching image for product ID: 28
2025-12-03T01:53:35.290+05:30  WARN 7004 --- [The-Home-Bakery] [http-nio-8082-exec-7] c.t.bakery.controller.ProductController  : Product image not found for ID: 27
2025-12-03T01:53:35.292+05:30  WARN 7004 --- [The-Home-Bakery] [http-nio-8082-exec-3] c.t.bakery.controller.ProductController  : Product image not found for ID: 28
2025-12-03T01:53:39.329+05:30  INFO 7004 --- [The-Home-Bakery] [http-nio-8082-exec-2] c.t.bakery.controller.ProductController  : Fetching image for product ID: 32
2025-12-03T01:53:39.338+05:30  WARN 7004 --- [The-Home-Bakery] [http-nio-8082-exec-2] c.t.bakery.controller.ProductController  : Product image not found for ID: 32
2025-12-03T01:54:05.773+05:30  INFO 7004 --- [The-Home-Bakery] [http-nio-8082-exec-1] c.t.bakery.controller.ProductController  : Fetching image for product ID: 32
2025-12-03T01:54:05.778+05:30  WARN 7004 --- [The-Home-Bakery] [http-nio-8082-exec-1] c.t.bakery.controller.ProductController  : Product image not found for ID: 32
2025-12-03T01:54:05.778+05:30  INFO 7004 --- [The-Home-Bakery] [http-nio-8082-exec-10] c.t.bakery.controller.ProductController  : Fetching image for product ID: 27
2025-12-03T01:54:05.786+05:30  WARN 7004 --- [The-Home-Bakery] [http-nio-8082-exec-10] c.t.bakery.controller.ProductController  : Product image not found for ID: 27
2025-12-03T01:54:05.789+05:30  INFO 7004 --- [The-Home-Bakery] [http-nio-8082-exec-6] c.t.bakery.controller.ProductController  : Fetching image for product ID: 28
2025-12-03T01:54:05.795+05:30  WARN 7004 --- [The-Home-Bakery] [http-nio-8082-exec-6] c.t.bakery.controller.ProductController  : Product image not found for ID: 28
2025-12-03T01:58:05.247+05:30  INFO 7004 --- [The-Home-Bakery] [SpringApplicationShutdownHook] o.s.b.w.e.tomcat.GracefulShutdown        : Commencing graceful shutdown. Waiting for active requests to complete
2025-12-03T01:58:05.264+05:30  INFO 7004 --- [The-Home-Bakery] [tomcat-shutdown] o.s.b.w.e.tomcat.GracefulShutdown        : Graceful shutdown complete
2025-12-03T01:58:05.292+05:30  INFO 7004 --- [The-Home-Bakery] [SpringApplicationShutdownHook] j.LocalContainerEntityManagerFactoryBean : Closing JPA EntityManagerFactory for persistence unit 'default'
2025-12-03T01:58:05.312+05:30  INFO 7004 --- [The-Home-Bakery] [SpringApplicationShutdownHook] com.zaxxer.hikari.HikariDataSource       : HikariPool-1 - Shutdown initiated...
2025-12-03T01:58:05.329+05:30  INFO 7004 --- [The-Home-Bakery] [SpringApplicationShutdownHook] com.zaxxer.hikari.HikariDataSource       : HikariPool-1 - Shutdown completed.
